bun : Error while 
loading config at  c:\U
sers\christopher.ziesch
\repos\Troiber\Projecte
\ampelv1\svelte.config.
js
In Zeile:1 Zeichen:1
+ bun run svelte-check 
--tsconfig 
./tsconfig.json 2>&1 | 
Out-File -Enco ...
+ ~~~~~~~~~~~~~~~~~~~~~
~~~~~~~~~~~~~~~~~~~~~~~
~~~~~~~~
    + CategoryInfo     
         : NotSpecifi  
  ed: (Error while l   
 oa...velte.config.    
js:String) [], Rem    
oteException
    + FullyQualifiedEr 
   rorId : NativeComm  
  andError
 
Error [ERR_MODULE_NOT_F
OUND]: Cannot find 
package '@sveltejs/adap
ter-auto' imported 
from c:\Users\christoph
er.ziesch\repos\Troiber
\Projecte\ampelv1\svelt
e.config.js
    at Object.getPackag
eJSONURL (node:internal
/modules/package_json_r
eader:301:9)
    at packageResolve (
node:internal/modules/e
sm/resolve:768:81)
    at moduleResolve (n
ode:internal/modules/es
m/resolve:859:18)
    at defaultResolve (
node:internal/modules/e
sm/resolve:991:11)
    at 
#cachedDefaultResolve (
node:internal/modules/e
sm/loader:719:20)
    at #resolveAndMaybe
BlockOnLoaderThread (no
de:internal/modules/esm
/loader:736:38)
    at ModuleLoader.res
olveSync (node:internal
/modules/esm/loader:765
:52)
    at #resolve (node:i
nternal/modules/esm/loa
der:701:17)
    at ModuleLoader.get
OrCreateModuleJob (node
:internal/modules/esm/l
oader:621:35)
    at 
ModuleJob.syncLink (nod
e:internal/modules/esm/
module_job:160:33) {
  code: 
'ERR_MODULE_NOT_FOUND'
}
Loading svelte-check in workspace: c:\Users\christopher.ziesch\repos\Troiber\Projecte\ampelv1
Getting Svelte diagnostics...

c:\Users\christopher.ziesch\repos\Troiber\Projecte\ampelv1\[32msrc\lib\components\ui\accordion\accordion.svelte[39m:1:1
[31mError[39m: Error in svelte.config.js

Error [ERR_MODULE_NOT_FOUND]: Cannot find package '@sveltejs/adapter-auto' imported from c:\Users\christopher.ziesch\repos\Troiber\Projecte\ampelv1\svelte.config.js (svelte)
[36m[35m<scri[36mpt lang="ts">
	import { Accordion as AccordionPrimitive } from "bits-ui";[39m

c:\Users\christopher.ziesch\repos\Troiber\Projecte\ampelv1\[32msrc\lib\components\ui\accordion\accordion-content.svelte[39m:1:1
[31mError[39m: Error in svelte.config.js

Error [ERR_MODULE_NOT_FOUND]: Cannot find package '@sveltejs/adapter-auto' imported from c:\Users\christopher.ziesch\repos\Troiber\Projecte\ampelv1\svelte.config.js (svelte)
[36m[35m<scri[36mpt lang="ts">
	import { Accordion as AccordionPrimitive } from "bits-ui";[39m

c:\Users\christopher.ziesch\repos\Troiber\Projecte\ampelv1\[32msrc\lib\components\ui\accordion\accordion-item.svelte[39m:1:1
[31mError[39m: Error in svelte.config.js

Error [ERR_MODULE_NOT_FOUND]: Cannot find package '@sveltejs/adapter-auto' imported from c:\Users\christopher.ziesch\repos\Troiber\Projecte\ampelv1\svelte.config.js (svelte)
[36m[35m<scri[36mpt lang="ts">
	import { Accordion as AccordionPrimitive } from "bits-ui";[39m

c:\Users\christopher.ziesch\repos\Troiber\Projecte\ampelv1\[32msrc\lib\components\ui\accordion\accordion-trigger.svelte[39m:1:1
[31mError[39m: Error in svelte.config.js

Error [ERR_MODULE_NOT_FOUND]: Cannot find package '@sveltejs/adapter-auto' imported from c:\Users\christopher.ziesch\repos\Troiber\Projecte\ampelv1\svelte.config.js (svelte)
[36m[35m<scri[36mpt lang="ts">
	import { Accordion as AccordionPrimitive } from "bits-ui";[39m

c:\Users\christopher.ziesch\repos\Troiber\Projecte\ampelv1\[32msrc\lib\components\ui\alert\alert.svelte[39m:1:1
[31mError[39m: Error in svelte.config.js

Error [ERR_MODULE_NOT_FOUND]: Cannot find package '@sveltejs/adapter-auto' imported from c:\Users\christopher.ziesch\repos\Troiber\Projecte\ampelv1\svelte.config.js (svelte)
[36m[35m<scri[36mpt lang="ts" module>
	import { type VariantProps, tv } from "tailwind-variants";[39m

c:\Users\christopher.ziesch\repos\Troiber\Projecte\ampelv1\[32msrc\lib\components\ui\alert\alert-description.svelte[39m:1:1
[31mError[39m: Error in svelte.config.js

Error [ERR_MODULE_NOT_FOUND]: Cannot find package '@sveltejs/adapter-auto' imported from c:\Users\christopher.ziesch\repos\Troiber\Projecte\ampelv1\svelte.config.js (svelte)
[36m[35m<scri[36mpt lang="ts">
	import type { HTMLAttributes } from "svelte/elements";[39m

c:\Users\christopher.ziesch\repos\Troiber\Projecte\ampelv1\[32msrc\lib\components\ui\alert\alert-title.svelte[39m:1:1
[31mError[39m: Error in svelte.config.js

Error [ERR_MODULE_NOT_FOUND]: Cannot find package '@sveltejs/adapter-auto' imported from c:\Users\christopher.ziesch\repos\Troiber\Projecte\ampelv1\svelte.config.js (svelte)
[36m[35m<scri[36mpt lang="ts">
	import type { HTMLAttributes } from "svelte/elements";[39m

c:\Users\christopher.ziesch\repos\Troiber\Projecte\ampelv1\[32msrc\lib\components\ui\alert\alert-action.svelte[39m:1:1
[31mError[39m: Error in svelte.config.js

Error [ERR_MODULE_NOT_FOUND]: Cannot find package '@sveltejs/adapter-auto' imported from c:\Users\christopher.ziesch\repos\Troiber\Projecte\ampelv1\svelte.config.js (svelte)
[36m[35m<scri[36mpt lang="ts">
	import type { HTMLAttributes } from "svelte/elements";[39m

c:\Users\christopher.ziesch\repos\Troiber\Projecte\ampelv1\[32msrc\lib\components\ui\alert-dialog\alert-dialog.svelte[39m:1:1
[31mError[39m: Error in svelte.config.js

Error [ERR_MODULE_NOT_FOUND]: Cannot find package '@sveltejs/adapter-auto' imported from c:\Users\christopher.ziesch\repos\Troiber\Projecte\ampelv1\svelte.config.js (svelte)
[36m[35m<scri[36mpt lang="ts">
	import { AlertDialog as AlertDialogPrimitive } from "bits-ui";[39m

c:\Users\christopher.ziesch\repos\Troiber\Projecte\ampelv1\[32msrc\lib\components\ui\alert-dialog\alert-dialog-portal.svelte[39m:1:1
[31mError[39m: Error in svelte.config.js

Error [ERR_MODULE_NOT_FOUND]: Cannot find package '@sveltejs/adapter-auto' imported from c:\Users\christopher.ziesch\repos\Troiber\Projecte\ampelv1\svelte.config.js (svelte)
[36m[35m<scri[36mpt lang="ts">
	import { AlertDialog as AlertDialogPrimitive } from "bits-ui";[39m

c:\Users\christopher.ziesch\repos\Troiber\Projecte\ampelv1\[32msrc\lib\components\ui\alert-dialog\alert-dialog-trigger.svelte[39m:1:1
[31mError[39m: Error in svelte.config.js

Error [ERR_MODULE_NOT_FOUND]: Cannot find package '@sveltejs/adapter-auto' imported from c:\Users\christopher.ziesch\repos\Troiber\Projecte\ampelv1\svelte.config.js (svelte)
[36m[35m<scri[36mpt lang="ts">
	import { AlertDialog as AlertDialogPrimitive } from "bits-ui";[39m

c:\Users\christopher.ziesch\repos\Troiber\Projecte\ampelv1\[32msrc\lib\components\ui\alert-dialog\alert-dialog-title.svelte[39m:1:1
[31mError[39m: Error in svelte.config.js

Error [ERR_MODULE_NOT_FOUND]: Cannot find package '@sveltejs/adapter-auto' imported from c:\Users\christopher.ziesch\repos\Troiber\Projecte\ampelv1\svelte.config.js (svelte)
[36m[35m<scri[36mpt lang="ts">
	import { AlertDialog as AlertDialogPrimitive } from "bits-ui";[39m

c:\Users\christopher.ziesch\repos\Troiber\Projecte\ampelv1\[32msrc\lib\components\ui\button\button.svelte[39m:1:1
[31mError[39m: Error in svelte.config.js

Error [ERR_MODULE_NOT_FOUND]: Cannot find package '@sveltejs/adapter-auto' imported from c:\Users\christopher.ziesch\repos\Troiber\Projecte\ampelv1\svelte.config.js (svelte)
[36m[35m<scri[36mpt lang="ts" module>
	import { cn, type WithElementRef } from "$lib/utils.js";[39m

c:\Users\christopher.ziesch\repos\Troiber\Projecte\ampelv1\[32msrc\lib\components\ui\alert-dialog\alert-dialog-action.svelte[39m:1:1
[31mError[39m: Error in svelte.config.js

Error [ERR_MODULE_NOT_FOUND]: Cannot find package '@sveltejs/adapter-auto' imported from c:\Users\christopher.ziesch\repos\Troiber\Projecte\ampelv1\svelte.config.js (svelte)
[36m[35m<scri[36mpt lang="ts">
	import { AlertDialog as AlertDialogPrimitive } from "bits-ui";[39m

c:\Users\christopher.ziesch\repos\Troiber\Projecte\ampelv1\[32msrc\lib\components\ui\alert-dialog\alert-dialog-cancel.svelte[39m:1:1
[31mError[39m: Error in svelte.config.js

Error [ERR_MODULE_NOT_FOUND]: Cannot find package '@sveltejs/adapter-auto' imported from c:\Users\christopher.ziesch\repos\Troiber\Projecte\ampelv1\svelte.config.js (svelte)
[36m[35m<scri[36mpt lang="ts">
	import { AlertDialog as AlertDialogPrimitive } from "bits-ui";[39m

c:\Users\christopher.ziesch\repos\Troiber\Projecte\ampelv1\[32msrc\lib\components\ui\alert-dialog\alert-dialog-footer.svelte[39m:1:1
[31mError[39m: Error in svelte.config.js

Error [ERR_MODULE_NOT_FOUND]: Cannot find package '@sveltejs/adapter-auto' imported from c:\Users\christopher.ziesch\repos\Troiber\Projecte\ampelv1\svelte.config.js (svelte)
[36m[35m<scri[36mpt lang="ts">
	import { cn, type WithElementRef } from "$lib/utils.js";[39m

c:\Users\christopher.ziesch\repos\Troiber\Projecte\ampelv1\[32msrc\lib\components\ui\alert-dialog\alert-dialog-header.svelte[39m:1:1
[31mError[39m: Error in svelte.config.js

Error [ERR_MODULE_NOT_FOUND]: Cannot find package '@sveltejs/adapter-auto' imported from c:\Users\christopher.ziesch\repos\Troiber\Projecte\ampelv1\svelte.config.js (svelte)
[36m[35m<scri[36mpt lang="ts">
	import type { HTMLAttributes } from "svelte/elements";[39m

c:\Users\christopher.ziesch\repos\Troiber\Projecte\ampelv1\[32msrc\lib\components\ui\alert-dialog\alert-dialog-overlay.svelte[39m:1:1
[31mError[39m: Error in svelte.config.js

Error [ERR_MODULE_NOT_FOUND]: Cannot find package '@sveltejs/adapter-auto' imported from c:\Users\christopher.ziesch\repos\Troiber\Projecte\ampelv1\svelte.config.js (svelte)
[36m[35m<scri[36mpt lang="ts">
	import { AlertDialog as AlertDialogPrimitive } from "bits-ui";[39m

c:\Users\christopher.ziesch\repos\Troiber\Projecte\ampelv1\[32msrc\lib\components\ui\alert-dialog\alert-dialog-content.svelte[39m:1:1
[31mError[39m: Error in svelte.config.js

Error [ERR_MODULE_NOT_FOUND]: Cannot find package '@sveltejs/adapter-auto' imported from c:\Users\christopher.ziesch\repos\Troiber\Projecte\ampelv1\svelte.config.js (svelte)
[36m[35m<scri[36mpt lang="ts">
	import { AlertDialog as AlertDialogPrimitive } from "bits-ui";[39m

c:\Users\christopher.ziesch\repos\Troiber\Projecte\ampelv1\[32msrc\lib\components\ui\alert-dialog\alert-dialog-description.svelte[39m:1:1
[31mError[39m: Error in svelte.config.js

Error [ERR_MODULE_NOT_FOUND]: Cannot find package '@sveltejs/adapter-auto' imported from c:\Users\christopher.ziesch\repos\Troiber\Projecte\ampelv1\svelte.config.js (svelte)
[36m[35m<scri[36mpt lang="ts">
	import { AlertDialog as AlertDialogPrimitive } from "bits-ui";[39m

c:\Users\christopher.ziesch\repos\Troiber\Projecte\ampelv1\[32msrc\lib\components\ui\alert-dialog\alert-dialog-media.svelte[39m:1:1
[31mError[39m: Error in svelte.config.js

Error [ERR_MODULE_NOT_FOUND]: Cannot find package '@sveltejs/adapter-auto' imported from c:\Users\christopher.ziesch\repos\Troiber\Projecte\ampelv1\svelte.config.js (svelte)
[36m[35m<scri[36mpt lang="ts">
	import type { HTMLAttributes } from "svelte/elements";[39m

c:\Users\christopher.ziesch\repos\Troiber\Projecte\ampelv1\[32msrc\lib\components\ui\aspect-ratio\aspect-ratio.svelte[39m:1:1
[31mError[39m: Error in svelte.config.js

Error [ERR_MODULE_NOT_FOUND]: Cannot find package '@sveltejs/adapter-auto' imported from c:\Users\christopher.ziesch\repos\Troiber\Projecte\ampelv1\svelte.config.js (svelte)
[36m[35m<scri[36mpt lang="ts">
	import { AspectRatio as AspectRatioPrimitive } from "bits-ui";[39m

c:\Users\christopher.ziesch\repos\Troiber\Projecte\ampelv1\[32msrc\lib\components\ui\avatar\avatar.svelte[39m:1:1
[31mError[39m: Error in svelte.config.js

Error [ERR_MODULE_NOT_FOUND]: Cannot find package '@sveltejs/adapter-auto' imported from c:\Users\christopher.ziesch\repos\Troiber\Projecte\ampelv1\svelte.config.js (svelte)
[36m[35m<scri[36mpt lang="ts">
	import { Avatar as AvatarPrimitive } from "bits-ui";[39m

c:\Users\christopher.ziesch\repos\Troiber\Projecte\ampelv1\[32msrc\lib\components\ui\avatar\avatar-image.svelte[39m:1:1
[31mError[39m: Error in svelte.config.js

Error [ERR_MODULE_NOT_FOUND]: Cannot find package '@sveltejs/adapter-auto' imported from c:\Users\christopher.ziesch\repos\Troiber\Projecte\ampelv1\svelte.config.js (svelte)
[36m[35m<scri[36mpt lang="ts">
	import { Avatar as AvatarPrimitive } from "bits-ui";[39m

c:\Users\christopher.ziesch\repos\Troiber\Projecte\ampelv1\[32msrc\lib\components\ui\avatar\avatar-fallback.svelte[39m:1:1
[31mError[39m: Error in svelte.config.js

Error [ERR_MODULE_NOT_FOUND]: Cannot find package '@sveltejs/adapter-auto' imported from c:\Users\christopher.ziesch\repos\Troiber\Projecte\ampelv1\svelte.config.js (svelte)
[36m[35m<scri[36mpt lang="ts">
	import { Avatar as AvatarPrimitive } from "bits-ui";[39m

c:\Users\christopher.ziesch\repos\Troiber\Projecte\ampelv1\[32msrc\lib\components\ui\avatar\avatar-badge.svelte[39m:1:1
[31mError[39m: Error in svelte.config.js

Error [ERR_MODULE_NOT_FOUND]: Cannot find package '@sveltejs/adapter-auto' imported from c:\Users\christopher.ziesch\repos\Troiber\Projecte\ampelv1\svelte.config.js (svelte)
[36m[35m<scri[36mpt lang="ts">
	import type { HTMLAttributes } from "svelte/elements";[39m

c:\Users\christopher.ziesch\repos\Troiber\Projecte\ampelv1\[32msrc\lib\components\ui\avatar\avatar-group.svelte[39m:1:1
[31mError[39m: Error in svelte.config.js

Error [ERR_MODULE_NOT_FOUND]: Cannot find package '@sveltejs/adapter-auto' imported from c:\Users\christopher.ziesch\repos\Troiber\Projecte\ampelv1\svelte.config.js (svelte)
[36m[35m<scri[36mpt lang="ts">
	import type { HTMLAttributes } from "svelte/elements";[39m

c:\Users\christopher.ziesch\repos\Troiber\Projecte\ampelv1\[32msrc\lib\components\ui\avatar\avatar-group-count.svelte[39m:1:1
[31mError[39m: Error in svelte.config.js

Error [ERR_MODULE_NOT_FOUND]: Cannot find package '@sveltejs/adapter-auto' imported from c:\Users\christopher.ziesch\repos\Troiber\Projecte\ampelv1\svelte.config.js (svelte)
[36m[35m<scri[36mpt lang="ts">
	import type { HTMLAttributes } from "svelte/elements";[39m

c:\Users\christopher.ziesch\repos\Troiber\Projecte\ampelv1\[32msrc\lib\components\ui\badge\badge.svelte[39m:1:1
[31mError[39m: Error in svelte.config.js

Error [ERR_MODULE_NOT_FOUND]: Cannot find package '@sveltejs/adapter-auto' imported from c:\Users\christopher.ziesch\repos\Troiber\Projecte\ampelv1\svelte.config.js (svelte)
[36m[35m<scri[36mpt lang="ts" module>
	import { type VariantProps, tv } from "tailwind-variants";[39m

c:\Users\christopher.ziesch\repos\Troiber\Projecte\ampelv1\[32msrc\lib\components\ui\breadcrumb\breadcrumb.svelte[39m:1:1
[31mError[39m: Error in svelte.config.js

Error [ERR_MODULE_NOT_FOUND]: Cannot find package '@sveltejs/adapter-auto' imported from c:\Users\christopher.ziesch\repos\Troiber\Projecte\ampelv1\svelte.config.js (svelte)
[36m[35m<scri[36mpt lang="ts">
	import type { WithElementRef } from "$lib/utils.js";[39m

c:\Users\christopher.ziesch\repos\Troiber\Projecte\ampelv1\[32msrc\lib\components\ui\breadcrumb\breadcrumb-ellipsis.svelte[39m:1:1
[31mError[39m: Error in svelte.config.js

Error [ERR_MODULE_NOT_FOUND]: Cannot find package '@sveltejs/adapter-auto' imported from c:\Users\christopher.ziesch\repos\Troiber\Projecte\ampelv1\svelte.config.js (svelte)
[36m[35m<scri[36mpt lang="ts">
	import type { HTMLAttributes } from "svelte/elements";[39m

c:\Users\christopher.ziesch\repos\Troiber\Projecte\ampelv1\[32msrc\lib\components\ui\breadcrumb\breadcrumb-item.svelte[39m:1:1
[31mError[39m: Error in svelte.config.js

Error [ERR_MODULE_NOT_FOUND]: Cannot find package '@sveltejs/adapter-auto' imported from c:\Users\christopher.ziesch\repos\Troiber\Projecte\ampelv1\svelte.config.js (svelte)
[36m[35m<scri[36mpt lang="ts">
	import type { HTMLLiAttributes } from "svelte/elements";[39m

c:\Users\christopher.ziesch\repos\Troiber\Projecte\ampelv1\[32msrc\lib\components\ui\breadcrumb\breadcrumb-separator.svelte[39m:1:1
[31mError[39m: Error in svelte.config.js

Error [ERR_MODULE_NOT_FOUND]: Cannot find package '@sveltejs/adapter-auto' imported from c:\Users\christopher.ziesch\repos\Troiber\Projecte\ampelv1\svelte.config.js (svelte)
[36m[35m<scri[36mpt lang="ts">
	import { cn, type WithElementRef } from "$lib/utils.js";[39m

c:\Users\christopher.ziesch\repos\Troiber\Projecte\ampelv1\[32msrc\lib\components\ui\breadcrumb\breadcrumb-link.svelte[39m:1:1
[31mError[39m: Error in svelte.config.js

Error [ERR_MODULE_NOT_FOUND]: Cannot find package '@sveltejs/adapter-auto' imported from c:\Users\christopher.ziesch\repos\Troiber\Projecte\ampelv1\svelte.config.js (svelte)
[36m[35m<scri[36mpt lang="ts">
	import type { HTMLAnchorAttributes } from "svelte/elements";[39m

c:\Users\christopher.ziesch\repos\Troiber\Projecte\ampelv1\[32msrc\lib\components\ui\breadcrumb\breadcrumb-list.svelte[39m:1:1
[31mError[39m: Error in svelte.config.js

Error [ERR_MODULE_NOT_FOUND]: Cannot find package '@sveltejs/adapter-auto' imported from c:\Users\christopher.ziesch\repos\Troiber\Projecte\ampelv1\svelte.config.js (svelte)
[36m[35m<scri[36mpt lang="ts">
	import type { HTMLOlAttributes } from "svelte/elements";[39m

c:\Users\christopher.ziesch\repos\Troiber\Projecte\ampelv1\[32msrc\lib\components\ui\breadcrumb\breadcrumb-page.svelte[39m:1:1
[31mError[39m: Error in svelte.config.js

Error [ERR_MODULE_NOT_FOUND]: Cannot find package '@sveltejs/adapter-auto' imported from c:\Users\christopher.ziesch\repos\Troiber\Projecte\ampelv1\svelte.config.js (svelte)
[36m[35m<scri[36mpt lang="ts">
	import type { HTMLAttributes } from "svelte/elements";[39m

c:\Users\christopher.ziesch\repos\Troiber\Projecte\ampelv1\[32msrc\lib\components\ui\button-group\button-group.svelte[39m:1:1
[31mError[39m: Error in svelte.config.js

Error [ERR_MODULE_NOT_FOUND]: Cannot find package '@sveltejs/adapter-auto' imported from c:\Users\christopher.ziesch\repos\Troiber\Projecte\ampelv1\svelte.config.js (svelte)
[36m[35m<scri[36mpt lang="ts" module>
	import { tv, type VariantProps } from "tailwind-variants";[39m

c:\Users\christopher.ziesch\repos\Troiber\Projecte\ampelv1\[32msrc\lib\components\ui\button-group\button-group-text.svelte[39m:1:1
[31mError[39m: Error in svelte.config.js

Error [ERR_MODULE_NOT_FOUND]: Cannot find package '@sveltejs/adapter-auto' imported from c:\Users\christopher.ziesch\repos\Troiber\Projecte\ampelv1\svelte.config.js (svelte)
[36m[35m<scri[36mpt lang="ts">
	import { cn, type WithElementRef } from "$lib/utils.js";[39m

c:\Users\christopher.ziesch\repos\Troiber\Projecte\ampelv1\[32msrc\lib\components\ui\separator\separator.svelte[39m:1:1
[31mError[39m: Error in svelte.config.js

Error [ERR_MODULE_NOT_FOUND]: Cannot find package '@sveltejs/adapter-auto' imported from c:\Users\christopher.ziesch\repos\Troiber\Projecte\ampelv1\svelte.config.js (svelte)
[36m[35m<scri[36mpt lang="ts">
	import { Separator as SeparatorPrimitive } from "bits-ui";[39m

c:\Users\christopher.ziesch\repos\Troiber\Projecte\ampelv1\[32msrc\lib\components\ui\button-group\button-group-separator.svelte[39m:1:1
[31mError[39m: Error in svelte.config.js

Error [ERR_MODULE_NOT_FOUND]: Cannot find package '@sveltejs/adapter-auto' imported from c:\Users\christopher.ziesch\repos\Troiber\Projecte\ampelv1\svelte.config.js (svelte)
[36m[35m<scri[36mpt lang="ts">
	import { cn } from "$lib/utils.js";[39m

c:\Users\christopher.ziesch\repos\Troiber\Projecte\ampelv1\[32msrc\lib\components\ui\calendar\calendar.svelte[39m:1:1
[31mError[39m: Error in svelte.config.js

Error [ERR_MODULE_NOT_FOUND]: Cannot find package '@sveltejs/adapter-auto' imported from c:\Users\christopher.ziesch\repos\Troiber\Projecte\ampelv1\svelte.config.js (svelte)
[36m[35m<scri[36mpt lang="ts">
	import { Calendar as CalendarPrimitive } from "bits-ui";[39m

c:\Users\christopher.ziesch\repos\Troiber\Projecte\ampelv1\[32msrc\lib\components\ui\calendar\calendar-cell.svelte[39m:1:1
[31mError[39m: Error in svelte.config.js

Error [ERR_MODULE_NOT_FOUND]: Cannot find package '@sveltejs/adapter-auto' imported from c:\Users\christopher.ziesch\repos\Troiber\Projecte\ampelv1\svelte.config.js (svelte)
[36m[35m<scri[36mpt lang="ts">
	import { Calendar as CalendarPrimitive } from "bits-ui";[39m

c:\Users\christopher.ziesch\repos\Troiber\Projecte\ampelv1\[32msrc\lib\components\ui\calendar\calendar-day.svelte[39m:1:1
[31mError[39m: Error in svelte.config.js

Error [ERR_MODULE_NOT_FOUND]: Cannot find package '@sveltejs/adapter-auto' imported from c:\Users\christopher.ziesch\repos\Troiber\Projecte\ampelv1\svelte.config.js (svelte)
[36m[35m<scri[36mpt lang="ts">
	import { cn } from "$lib/utils.js";[39m

c:\Users\christopher.ziesch\repos\Troiber\Projecte\ampelv1\[32msrc\lib\components\ui\calendar\calendar-grid.svelte[39m:1:1
[31mError[39m: Error in svelte.config.js

Error [ERR_MODULE_NOT_FOUND]: Cannot find package '@sveltejs/adapter-auto' imported from c:\Users\christopher.ziesch\repos\Troiber\Projecte\ampelv1\svelte.config.js (svelte)
[36m[35m<scri[36mpt lang="ts">
	import { Calendar as CalendarPrimitive } from "bits-ui";[39m

c:\Users\christopher.ziesch\repos\Troiber\Projecte\ampelv1\[32msrc\lib\components\ui\calendar\calendar-header.svelte[39m:1:1
[31mError[39m: Error in svelte.config.js

Error [ERR_MODULE_NOT_FOUND]: Cannot find package '@sveltejs/adapter-auto' imported from c:\Users\christopher.ziesch\repos\Troiber\Projecte\ampelv1\svelte.config.js (svelte)
[36m[35m<scri[36mpt lang="ts">
	import { Calendar as CalendarPrimitive } from "bits-ui";[39m

c:\Users\christopher.ziesch\repos\Troiber\Projecte\ampelv1\[32msrc\lib\components\ui\calendar\calendar-months.svelte[39m:1:1
[31mError[39m: Error in svelte.config.js

Error [ERR_MODULE_NOT_FOUND]: Cannot find package '@sveltejs/adapter-auto' imported from c:\Users\christopher.ziesch\repos\Troiber\Projecte\ampelv1\svelte.config.js (svelte)
[36m[35m<scri[36mpt lang="ts">
	import type { HTMLAttributes } from "svelte/elements";[39m

c:\Users\christopher.ziesch\repos\Troiber\Projecte\ampelv1\[32msrc\lib\components\ui\calendar\calendar-grid-row.svelte[39m:1:1
[31mError[39m: Error in svelte.config.js

Error [ERR_MODULE_NOT_FOUND]: Cannot find package '@sveltejs/adapter-auto' imported from c:\Users\christopher.ziesch\repos\Troiber\Projecte\ampelv1\svelte.config.js (svelte)
[36m[35m<scri[36mpt lang="ts">
	import { Calendar as CalendarPrimitive } from "bits-ui";[39m

c:\Users\christopher.ziesch\repos\Troiber\Projecte\ampelv1\[32msrc\lib\components\ui\calendar\calendar-heading.svelte[39m:1:1
[31mError[39m: Error in svelte.config.js

Error [ERR_MODULE_NOT_FOUND]: Cannot find package '@sveltejs/adapter-auto' imported from c:\Users\christopher.ziesch\repos\Troiber\Projecte\ampelv1\svelte.config.js (svelte)
[36m[35m<scri[36mpt lang="ts">
	import { Calendar as CalendarPrimitive } from "bits-ui";[39m

c:\Users\christopher.ziesch\repos\Troiber\Projecte\ampelv1\[32msrc\lib\components\ui\calendar\calendar-grid-body.svelte[39m:1:1
[31mError[39m: Error in svelte.config.js

Error [ERR_MODULE_NOT_FOUND]: Cannot find package '@sveltejs/adapter-auto' imported from c:\Users\christopher.ziesch\repos\Troiber\Projecte\ampelv1\svelte.config.js (svelte)
[36m[35m<scri[36mpt lang="ts">
	import { Calendar as CalendarPrimitive } from "bits-ui";[39m

c:\Users\christopher.ziesch\repos\Troiber\Projecte\ampelv1\[32msrc\lib\components\ui\calendar\calendar-grid-head.svelte[39m:1:1
[31mError[39m: Error in svelte.config.js

Error [ERR_MODULE_NOT_FOUND]: Cannot find package '@sveltejs/adapter-auto' imported from c:\Users\christopher.ziesch\repos\Troiber\Projecte\ampelv1\svelte.config.js (svelte)
[36m[35m<scri[36mpt lang="ts">
	import { Calendar as CalendarPrimitive } from "bits-ui";[39m

c:\Users\christopher.ziesch\repos\Troiber\Projecte\ampelv1\[32msrc\lib\components\ui\calendar\calendar-head-cell.svelte[39m:1:1
[31mError[39m: Error in svelte.config.js

Error [ERR_MODULE_NOT_FOUND]: Cannot find package '@sveltejs/adapter-auto' imported from c:\Users\christopher.ziesch\repos\Troiber\Projecte\ampelv1\svelte.config.js (svelte)
[36m[35m<scri[36mpt lang="ts">
	import { Calendar as CalendarPrimitive } from "bits-ui";[39m

c:\Users\christopher.ziesch\repos\Troiber\Projecte\ampelv1\[32msrc\lib\components\ui\calendar\calendar-next-button.svelte[39m:1:1
[31mError[39m: Error in svelte.config.js

Error [ERR_MODULE_NOT_FOUND]: Cannot find package '@sveltejs/adapter-auto' imported from c:\Users\christopher.ziesch\repos\Troiber\Projecte\ampelv1\svelte.config.js (svelte)
[36m[35m<scri[36mpt lang="ts">
	import { Calendar as CalendarPrimitive } from "bits-ui";[39m

c:\Users\christopher.ziesch\repos\Troiber\Projecte\ampelv1\[32msrc\lib\components\ui\calendar\calendar-prev-button.svelte[39m:1:1
[31mError[39m: Error in svelte.config.js

Error [ERR_MODULE_NOT_FOUND]: Cannot find package '@sveltejs/adapter-auto' imported from c:\Users\christopher.ziesch\repos\Troiber\Projecte\ampelv1\svelte.config.js (svelte)
[36m[35m<scri[36mpt lang="ts">
	import { Calendar as CalendarPrimitive } from "bits-ui";[39m

c:\Users\christopher.ziesch\repos\Troiber\Projecte\ampelv1\[32msrc\lib\components\ui\calendar\calendar-month-select.svelte[39m:1:1
[31mError[39m: Error in svelte.config.js

Error [ERR_MODULE_NOT_FOUND]: Cannot find package '@sveltejs/adapter-auto' imported from c:\Users\christopher.ziesch\repos\Troiber\Projecte\ampelv1\svelte.config.js (svelte)
[36m[35m<scri[36mpt lang="ts">
	import { Calendar as CalendarPrimitive } from "bits-ui";[39m

c:\Users\christopher.ziesch\repos\Troiber\Projecte\ampelv1\[32msrc\lib\components\ui\calendar\calendar-year-select.svelte[39m:1:1
[31mError[39m: Error in svelte.config.js

Error [ERR_MODULE_NOT_FOUND]: Cannot find package '@sveltejs/adapter-auto' imported from c:\Users\christopher.ziesch\repos\Troiber\Projecte\ampelv1\svelte.config.js (svelte)
[36m[35m<scri[36mpt lang="ts">
	import { Calendar as CalendarPrimitive } from "bits-ui";[39m

c:\Users\christopher.ziesch\repos\Troiber\Projecte\ampelv1\[32msrc\lib\components\ui\calendar\calendar-month.svelte[39m:1:1
[31mError[39m: Error in svelte.config.js

Error [ERR_MODULE_NOT_FOUND]: Cannot find package '@sveltejs/adapter-auto' imported from c:\Users\christopher.ziesch\repos\Troiber\Projecte\ampelv1\svelte.config.js (svelte)
[36m[35m<scri[36mpt lang="ts">
	import { type WithElementRef, cn } from "$lib/utils.js";[39m

c:\Users\christopher.ziesch\repos\Troiber\Projecte\ampelv1\[32msrc\lib\components\ui\calendar\calendar-nav.svelte[39m:1:1
[31mError[39m: Error in svelte.config.js

Error [ERR_MODULE_NOT_FOUND]: Cannot find package '@sveltejs/adapter-auto' imported from c:\Users\christopher.ziesch\repos\Troiber\Projecte\ampelv1\svelte.config.js (svelte)
[36m[35m<scri[36mpt lang="ts">
	import { cn, type WithElementRef } from "$lib/utils.js";[39m

c:\Users\christopher.ziesch\repos\Troiber\Projecte\ampelv1\[32msrc\lib\components\ui\calendar\calendar-caption.svelte[39m:1:1
[31mError[39m: Error in svelte.config.js

Error [ERR_MODULE_NOT_FOUND]: Cannot find package '@sveltejs/adapter-auto' imported from c:\Users\christopher.ziesch\repos\Troiber\Projecte\ampelv1\svelte.config.js (svelte)
[36m[35m<scri[36mpt lang="ts">
	import type { ComponentProps } from "svelte";[39m

c:\Users\christopher.ziesch\repos\Troiber\Projecte\ampelv1\[32msrc\lib\components\ui\card\card.svelte[39m:1:1
[31mError[39m: Error in svelte.config.js

Error [ERR_MODULE_NOT_FOUND]: Cannot find package '@sveltejs/adapter-auto' imported from c:\Users\christopher.ziesch\repos\Troiber\Projecte\ampelv1\svelte.config.js (svelte)
[36m[35m<scri[36mpt lang="ts">
	import type { HTMLAttributes } from "svelte/elements";[39m

c:\Users\christopher.ziesch\repos\Troiber\Projecte\ampelv1\[32msrc\lib\components\ui\card\card-content.svelte[39m:1:1
[31mError[39m: Error in svelte.config.js

Error [ERR_MODULE_NOT_FOUND]: Cannot find package '@sveltejs/adapter-auto' imported from c:\Users\christopher.ziesch\repos\Troiber\Projecte\ampelv1\svelte.config.js (svelte)
[36m[35m<scri[36mpt lang="ts">
	import type { HTMLAttributes } from "svelte/elements";[39m

c:\Users\christopher.ziesch\repos\Troiber\Projecte\ampelv1\[32msrc\lib\components\ui\card\card-description.svelte[39m:1:1
[31mError[39m: Error in svelte.config.js

Error [ERR_MODULE_NOT_FOUND]: Cannot find package '@sveltejs/adapter-auto' imported from c:\Users\christopher.ziesch\repos\Troiber\Projecte\ampelv1\svelte.config.js (svelte)
[36m[35m<scri[36mpt lang="ts">
	import type { HTMLAttributes } from "svelte/elements";[39m

c:\Users\christopher.ziesch\repos\Troiber\Projecte\ampelv1\[32msrc\lib\components\ui\card\card-footer.svelte[39m:1:1
[31mError[39m: Error in svelte.config.js

Error [ERR_MODULE_NOT_FOUND]: Cannot find package '@sveltejs/adapter-auto' imported from c:\Users\christopher.ziesch\repos\Troiber\Projecte\ampelv1\svelte.config.js (svelte)
[36m[35m<scri[36mpt lang="ts">
	import { cn, type WithElementRef } from "$lib/utils.js";[39m

c:\Users\christopher.ziesch\repos\Troiber\Projecte\ampelv1\[32msrc\lib\components\ui\card\card-header.svelte[39m:1:1
[31mError[39m: Error in svelte.config.js

Error [ERR_MODULE_NOT_FOUND]: Cannot find package '@sveltejs/adapter-auto' imported from c:\Users\christopher.ziesch\repos\Troiber\Projecte\ampelv1\svelte.config.js (svelte)
[36m[35m<scri[36mpt lang="ts">
	import { cn, type WithElementRef } from "$lib/utils.js";[39m

c:\Users\christopher.ziesch\repos\Troiber\Projecte\ampelv1\[32msrc\lib\components\ui\card\card-title.svelte[39m:1:1
[31mError[39m: Error in svelte.config.js

Error [ERR_MODULE_NOT_FOUND]: Cannot find package '@sveltejs/adapter-auto' imported from c:\Users\christopher.ziesch\repos\Troiber\Projecte\ampelv1\svelte.config.js (svelte)
[36m[35m<scri[36mpt lang="ts">
	import type { HTMLAttributes } from "svelte/elements";[39m

c:\Users\christopher.ziesch\repos\Troiber\Projecte\ampelv1\[32msrc\lib\components\ui\card\card-action.svelte[39m:1:1
[31mError[39m: Error in svelte.config.js

Error [ERR_MODULE_NOT_FOUND]: Cannot find package '@sveltejs/adapter-auto' imported from c:\Users\christopher.ziesch\repos\Troiber\Projecte\ampelv1\svelte.config.js (svelte)
[36m[35m<scri[36mpt lang="ts">
	import { cn, type WithElementRef } from "$lib/utils.js";[39m

c:\Users\christopher.ziesch\repos\Troiber\Projecte\ampelv1\[32msrc\lib\components\ui\carousel\carousel.svelte[39m:1:1
[31mError[39m: Error in svelte.config.js

Error [ERR_MODULE_NOT_FOUND]: Cannot find package '@sveltejs/adapter-auto' imported from c:\Users\christopher.ziesch\repos\Troiber\Projecte\ampelv1\svelte.config.js (svelte)
[36m[35m<scri[36mpt lang="ts">
	import {[39m

c:\Users\christopher.ziesch\repos\Troiber\Projecte\ampelv1\[32msrc\lib\components\ui\carousel\carousel-content.svelte[39m:1:1
[31mError[39m: Error in svelte.config.js

Error [ERR_MODULE_NOT_FOUND]: Cannot find package '@sveltejs/adapter-auto' imported from c:\Users\christopher.ziesch\repos\Troiber\Projecte\ampelv1\svelte.config.js (svelte)
[36m[35m<scri[36mpt lang="ts">
	import emblaCarouselSvelte from "embla-carousel-svelte";[39m

c:\Users\christopher.ziesch\repos\Troiber\Projecte\ampelv1\[32msrc\lib\components\ui\carousel\carousel-item.svelte[39m:1:1
[31mError[39m: Error in svelte.config.js

Error [ERR_MODULE_NOT_FOUND]: Cannot find package '@sveltejs/adapter-auto' imported from c:\Users\christopher.ziesch\repos\Troiber\Projecte\ampelv1\svelte.config.js (svelte)
[36m[35m<scri[36mpt lang="ts">
	import type { HTMLAttributes } from "svelte/elements";[39m

c:\Users\christopher.ziesch\repos\Troiber\Projecte\ampelv1\[32msrc\lib\components\ui\carousel\carousel-previous.svelte[39m:1:1
[31mError[39m: Error in svelte.config.js

Error [ERR_MODULE_NOT_FOUND]: Cannot find package '@sveltejs/adapter-auto' imported from c:\Users\christopher.ziesch\repos\Troiber\Projecte\ampelv1\svelte.config.js (svelte)
[36m[35m<scri[36mpt lang="ts">
	import type { WithoutChildren } from "bits-ui";[39m

c:\Users\christopher.ziesch\repos\Troiber\Projecte\ampelv1\[32msrc\lib\components\ui\carousel\carousel-next.svelte[39m:1:1
[31mError[39m: Error in svelte.config.js

Error [ERR_MODULE_NOT_FOUND]: Cannot find package '@sveltejs/adapter-auto' imported from c:\Users\christopher.ziesch\repos\Troiber\Projecte\ampelv1\svelte.config.js (svelte)
[36m[35m<scri[36mpt lang="ts">
	import type { WithoutChildren } from "bits-ui";[39m

c:\Users\christopher.ziesch\repos\Troiber\Projecte\ampelv1\[32msrc\lib\components\ui\chart\chart-style.svelte[39m:1:1
[31mError[39m: Error in svelte.config.js

Error [ERR_MODULE_NOT_FOUND]: Cannot find package '@sveltejs/adapter-auto' imported from c:\Users\christopher.ziesch\repos\Troiber\Projecte\ampelv1\svelte.config.js (svelte)
[36m[35m<scri[36mpt lang="ts">
	import { THEMES, type ChartConfig } from "./chart-utils.js";[39m

c:\Users\christopher.ziesch\repos\Troiber\Projecte\ampelv1\[32msrc\lib\components\ui\chart\chart-container.svelte[39m:1:1
[31mError[39m: Error in svelte.config.js

Error [ERR_MODULE_NOT_FOUND]: Cannot find package '@sveltejs/adapter-auto' imported from c:\Users\christopher.ziesch\repos\Troiber\Projecte\ampelv1\svelte.config.js (svelte)
[36m[35m<scri[36mpt lang="ts">
	import { cn, type WithElementRef } from "$lib/utils.js";[39m

c:\Users\christopher.ziesch\repos\Troiber\Projecte\ampelv1\[32msrc\lib\components\ui\chart\chart-tooltip.svelte[39m:1:1
[31mError[39m: Error in svelte.config.js

Error [ERR_MODULE_NOT_FOUND]: Cannot find package '@sveltejs/adapter-auto' imported from c:\Users\christopher.ziesch\repos\Troiber\Projecte\ampelv1\svelte.config.js (svelte)
[36m[35m<scri[36mpt lang="ts">
	import { cn, type WithElementRef, type WithoutChildren } from "$lib/utils.js";[39m

c:\Users\christopher.ziesch\repos\Troiber\Projecte\ampelv1\[32msrc\lib\components\ui\checkbox\checkbox.svelte[39m:1:1
[31mError[39m: Error in svelte.config.js

Error [ERR_MODULE_NOT_FOUND]: Cannot find package '@sveltejs/adapter-auto' imported from c:\Users\christopher.ziesch\repos\Troiber\Projecte\ampelv1\svelte.config.js (svelte)
[36m[35m<scri[36mpt lang="ts">
	import { Checkbox as CheckboxPrimitive } from "bits-ui";[39m

c:\Users\christopher.ziesch\repos\Troiber\Projecte\ampelv1\[32msrc\lib\components\ui\collapsible\collapsible.svelte[39m:1:1
[31mError[39m: Error in svelte.config.js

Error [ERR_MODULE_NOT_FOUND]: Cannot find package '@sveltejs/adapter-auto' imported from c:\Users\christopher.ziesch\repos\Troiber\Projecte\ampelv1\svelte.config.js (svelte)
[36m[35m<scri[36mpt lang="ts">
	import { Collapsible as CollapsiblePrimitive } from "bits-ui";[39m

c:\Users\christopher.ziesch\repos\Troiber\Projecte\ampelv1\[32msrc\lib\components\ui\collapsible\collapsible-trigger.svelte[39m:1:1
[31mError[39m: Error in svelte.config.js

Error [ERR_MODULE_NOT_FOUND]: Cannot find package '@sveltejs/adapter-auto' imported from c:\Users\christopher.ziesch\repos\Troiber\Projecte\ampelv1\svelte.config.js (svelte)
[36m[35m<scri[36mpt lang="ts">
	import { Collapsible as CollapsiblePrimitive } from "bits-ui";[39m

c:\Users\christopher.ziesch\repos\Troiber\Projecte\ampelv1\[32msrc\lib\components\ui\collapsible\collapsible-content.svelte[39m:1:1
[31mError[39m: Error in svelte.config.js

Error [ERR_MODULE_NOT_FOUND]: Cannot find package '@sveltejs/adapter-auto' imported from c:\Users\christopher.ziesch\repos\Troiber\Projecte\ampelv1\svelte.config.js (svelte)
[36m[35m<scri[36mpt lang="ts">
	import { Collapsible as CollapsiblePrimitive } from "bits-ui";[39m

c:\Users\christopher.ziesch\repos\Troiber\Projecte\ampelv1\[32msrc\lib\components\ui\command\command.svelte[39m:1:1
[31mError[39m: Error in svelte.config.js

Error [ERR_MODULE_NOT_FOUND]: Cannot find package '@sveltejs/adapter-auto' imported from c:\Users\christopher.ziesch\repos\Troiber\Projecte\ampelv1\svelte.config.js (svelte)
[36m[35m<scri[36mpt lang="ts">
	import { cn } from "$lib/utils.js";[39m

c:\Users\christopher.ziesch\repos\Troiber\Projecte\ampelv1\[32msrc\lib\components\ui\command\command-loading.svelte[39m:1:1
[31mError[39m: Error in svelte.config.js

Error [ERR_MODULE_NOT_FOUND]: Cannot find package '@sveltejs/adapter-auto' imported from c:\Users\christopher.ziesch\repos\Troiber\Projecte\ampelv1\svelte.config.js (svelte)
[36m[35m<scri[36mpt lang="ts">
	import { Command as CommandPrimitive } from "bits-ui";[39m

c:\Users\christopher.ziesch\repos\Troiber\Projecte\ampelv1\[32msrc\lib\components\ui\dialog\dialog.svelte[39m:1:1
[31mError[39m: Error in svelte.config.js

Error [ERR_MODULE_NOT_FOUND]: Cannot find package '@sveltejs/adapter-auto' imported from c:\Users\christopher.ziesch\repos\Troiber\Projecte\ampelv1\svelte.config.js (svelte)
[36m[35m<scri[36mpt lang="ts">
	import { Dialog as DialogPrimitive } from "bits-ui";[39m

c:\Users\christopher.ziesch\repos\Troiber\Projecte\ampelv1\[32msrc\lib\components\ui\dialog\dialog-portal.svelte[39m:1:1
[31mError[39m: Error in svelte.config.js

Error [ERR_MODULE_NOT_FOUND]: Cannot find package '@sveltejs/adapter-auto' imported from c:\Users\christopher.ziesch\repos\Troiber\Projecte\ampelv1\svelte.config.js (svelte)
[36m[35m<scri[36mpt lang="ts">
	import { Dialog as DialogPrimitive } from "bits-ui";[39m

c:\Users\christopher.ziesch\repos\Troiber\Projecte\ampelv1\[32msrc\lib\components\ui\dialog\dialog-title.svelte[39m:1:1
[31mError[39m: Error in svelte.config.js

Error [ERR_MODULE_NOT_FOUND]: Cannot find package '@sveltejs/adapter-auto' imported from c:\Users\christopher.ziesch\repos\Troiber\Projecte\ampelv1\svelte.config.js (svelte)
[36m[35m<scri[36mpt lang="ts">
	import { Dialog as DialogPrimitive } from "bits-ui";[39m

c:\Users\christopher.ziesch\repos\Troiber\Projecte\ampelv1\[32msrc\lib\components\ui\dialog\dialog-footer.svelte[39m:1:1
[31mError[39m: Error in svelte.config.js

Error [ERR_MODULE_NOT_FOUND]: Cannot find package '@sveltejs/adapter-auto' imported from c:\Users\christopher.ziesch\repos\Troiber\Projecte\ampelv1\svelte.config.js (svelte)
[36m[35m<scri[36mpt lang="ts">
	import { cn, type WithElementRef } from "$lib/utils.js";[39m

c:\Users\christopher.ziesch\repos\Troiber\Projecte\ampelv1\[32msrc\lib\components\ui\dialog\dialog-header.svelte[39m:1:1
[31mError[39m: Error in svelte.config.js

Error [ERR_MODULE_NOT_FOUND]: Cannot find package '@sveltejs/adapter-auto' imported from c:\Users\christopher.ziesch\repos\Troiber\Projecte\ampelv1\svelte.config.js (svelte)
[36m[35m<scri[36mpt lang="ts">
	import type { HTMLAttributes } from "svelte/elements";[39m

c:\Users\christopher.ziesch\repos\Troiber\Projecte\ampelv1\[32msrc\lib\components\ui\dialog\dialog-overlay.svelte[39m:1:1
[31mError[39m: Error in svelte.config.js

Error [ERR_MODULE_NOT_FOUND]: Cannot find package '@sveltejs/adapter-auto' imported from c:\Users\christopher.ziesch\repos\Troiber\Projecte\ampelv1\svelte.config.js (svelte)
[36m[35m<scri[36mpt lang="ts">
	import { Dialog as DialogPrimitive } from "bits-ui";[39m

c:\Users\christopher.ziesch\repos\Troiber\Projecte\ampelv1\[32msrc\lib\components\ui\dialog\dialog-content.svelte[39m:1:1
[31mError[39m: Error in svelte.config.js

Error [ERR_MODULE_NOT_FOUND]: Cannot find package '@sveltejs/adapter-auto' imported from c:\Users\christopher.ziesch\repos\Troiber\Projecte\ampelv1\svelte.config.js (svelte)
[36m[35m<scri[36mpt lang="ts">
	import { Dialog as DialogPrimitive } from "bits-ui";[39m

c:\Users\christopher.ziesch\repos\Troiber\Projecte\ampelv1\[32msrc\lib\components\ui\dialog\dialog-description.svelte[39m:1:1
[31mError[39m: Error in svelte.config.js

Error [ERR_MODULE_NOT_FOUND]: Cannot find package '@sveltejs/adapter-auto' imported from c:\Users\christopher.ziesch\repos\Troiber\Projecte\ampelv1\svelte.config.js (svelte)
[36m[35m<scri[36mpt lang="ts">
	import { Dialog as DialogPrimitive } from "bits-ui";[39m

c:\Users\christopher.ziesch\repos\Troiber\Projecte\ampelv1\[32msrc\lib\components\ui\dialog\dialog-trigger.svelte[39m:1:1
[31mError[39m: Error in svelte.config.js

Error [ERR_MODULE_NOT_FOUND]: Cannot find package '@sveltejs/adapter-auto' imported from c:\Users\christopher.ziesch\repos\Troiber\Projecte\ampelv1\svelte.config.js (svelte)
[36m[35m<scri[36mpt lang="ts">
	import { Dialog as DialogPrimitive } from "bits-ui";[39m

c:\Users\christopher.ziesch\repos\Troiber\Projecte\ampelv1\[32msrc\lib\components\ui\dialog\dialog-close.svelte[39m:1:1
[31mError[39m: Error in svelte.config.js

Error [ERR_MODULE_NOT_FOUND]: Cannot find package '@sveltejs/adapter-auto' imported from c:\Users\christopher.ziesch\repos\Troiber\Projecte\ampelv1\svelte.config.js (svelte)
[36m[35m<scri[36mpt lang="ts">
	import { Dialog as DialogPrimitive } from "bits-ui";[39m

c:\Users\christopher.ziesch\repos\Troiber\Projecte\ampelv1\[32msrc\lib\components\ui\command\command-dialog.svelte[39m:1:1
[31mError[39m: Error in svelte.config.js

Error [ERR_MODULE_NOT_FOUND]: Cannot find package '@sveltejs/adapter-auto' imported from c:\Users\christopher.ziesch\repos\Troiber\Projecte\ampelv1\svelte.config.js (svelte)
[36m[35m<scri[36mpt lang="ts">
	import type { Command as CommandPrimitive, Dialog as DialogPrimitive } from "bits-ui";[39m

c:\Users\christopher.ziesch\repos\Troiber\Projecte\ampelv1\[32msrc\lib\components\ui\command\command-empty.svelte[39m:1:1
[31mError[39m: Error in svelte.config.js

Error [ERR_MODULE_NOT_FOUND]: Cannot find package '@sveltejs/adapter-auto' imported from c:\Users\christopher.ziesch\repos\Troiber\Projecte\ampelv1\svelte.config.js (svelte)
[36m[35m<scri[36mpt lang="ts">
	import { Command as CommandPrimitive } from "bits-ui";[39m

c:\Users\christopher.ziesch\repos\Troiber\Projecte\ampelv1\[32msrc\lib\components\ui\command\command-group.svelte[39m:1:1
[31mError[39m: Error in svelte.config.js

Error [ERR_MODULE_NOT_FOUND]: Cannot find package '@sveltejs/adapter-auto' imported from c:\Users\christopher.ziesch\repos\Troiber\Projecte\ampelv1\svelte.config.js (svelte)
[36m[35m<scri[36mpt lang="ts">
	import { Command as CommandPrimitive, useId } from "bits-ui";[39m

c:\Users\christopher.ziesch\repos\Troiber\Projecte\ampelv1\[32msrc\lib\components\ui\command\command-item.svelte[39m:1:1
[31mError[39m: Error in svelte.config.js

Error [ERR_MODULE_NOT_FOUND]: Cannot find package '@sveltejs/adapter-auto' imported from c:\Users\christopher.ziesch\repos\Troiber\Projecte\ampelv1\svelte.config.js (svelte)
[36m[35m<scri[36mpt lang="ts">
	import { Command as CommandPrimitive } from "bits-ui";[39m

c:\Users\christopher.ziesch\repos\Troiber\Projecte\ampelv1\[32msrc\lib\components\ui\input-group\input-group.svelte[39m:1:1
[31mError[39m: Error in svelte.config.js

Error [ERR_MODULE_NOT_FOUND]: Cannot find package '@sveltejs/adapter-auto' imported from c:\Users\christopher.ziesch\repos\Troiber\Projecte\ampelv1\svelte.config.js (svelte)
[36m[35m<scri[36mpt lang="ts">
	import { cn, type WithElementRef } from "$lib/utils.js";[39m

c:\Users\christopher.ziesch\repos\Troiber\Projecte\ampelv1\[32msrc\lib\components\ui\input-group\input-group-addon.svelte[39m:1:1
[31mError[39m: Error in svelte.config.js

Error [ERR_MODULE_NOT_FOUND]: Cannot find package '@sveltejs/adapter-auto' imported from c:\Users\christopher.ziesch\repos\Troiber\Projecte\ampelv1\svelte.config.js (svelte)
[36m[35m<scri[36mpt lang="ts" module>
	import { tv, type VariantProps } from "tailwind-variants";[39m

c:\Users\christopher.ziesch\repos\Troiber\Projecte\ampelv1\[32msrc\lib\components\ui\input-group\input-group-button.svelte[39m:1:1
[31mError[39m: Error in svelte.config.js

Error [ERR_MODULE_NOT_FOUND]: Cannot find package '@sveltejs/adapter-auto' imported from c:\Users\christopher.ziesch\repos\Troiber\Projecte\ampelv1\svelte.config.js (svelte)
[36m[35m<scri[36mpt lang="ts" module>
	import { tv, type VariantProps } from "tailwind-variants";[39m

c:\Users\christopher.ziesch\repos\Troiber\Projecte\ampelv1\[32msrc\lib\components\ui\input\input.svelte[39m:1:1
[31mError[39m: Error in svelte.config.js

Error [ERR_MODULE_NOT_FOUND]: Cannot find package '@sveltejs/adapter-auto' imported from c:\Users\christopher.ziesch\repos\Troiber\Projecte\ampelv1\svelte.config.js (svelte)
[36m[35m<scri[36mpt lang="ts">
	import type { HTMLInputAttributes, HTMLInputTypeAttribute } from "svelte/elements";[39m

c:\Users\christopher.ziesch\repos\Troiber\Projecte\ampelv1\[32msrc\lib\components\ui\input-group\input-group-input.svelte[39m:1:1
[31mError[39m: Error in svelte.config.js

Error [ERR_MODULE_NOT_FOUND]: Cannot find package '@sveltejs/adapter-auto' imported from c:\Users\christopher.ziesch\repos\Troiber\Projecte\ampelv1\svelte.config.js (svelte)
[36m[35m<scri[36mpt lang="ts">
	import { cn } from "$lib/utils.js";[39m

c:\Users\christopher.ziesch\repos\Troiber\Projecte\ampelv1\[32msrc\lib\components\ui\input-group\input-group-text.svelte[39m:1:1
[31mError[39m: Error in svelte.config.js

Error [ERR_MODULE_NOT_FOUND]: Cannot find package '@sveltejs/adapter-auto' imported from c:\Users\christopher.ziesch\repos\Troiber\Projecte\ampelv1\svelte.config.js (svelte)
[36m[35m<scri[36mpt lang="ts">
	import { cn, type WithElementRef } from "$lib/utils.js";[39m

c:\Users\christopher.ziesch\repos\Troiber\Projecte\ampelv1\[32msrc\lib\components\ui\textarea\textarea.svelte[39m:1:1
[31mError[39m: Error in svelte.config.js

Error [ERR_MODULE_NOT_FOUND]: Cannot find package '@sveltejs/adapter-auto' imported from c:\Users\christopher.ziesch\repos\Troiber\Projecte\ampelv1\svelte.config.js (svelte)
[36m[35m<scri[36mpt lang="ts">
	import { cn, type WithElementRef, type WithoutChildren } from "$lib/utils.js";[39m

c:\Users\christopher.ziesch\repos\Troiber\Projecte\ampelv1\[32msrc\lib\components\ui\input-group\input-group-textarea.svelte[39m:1:1
[31mError[39m: Error in svelte.config.js

Error [ERR_MODULE_NOT_FOUND]: Cannot find package '@sveltejs/adapter-auto' imported from c:\Users\christopher.ziesch\repos\Troiber\Projecte\ampelv1\svelte.config.js (svelte)
[36m[35m<scri[36mpt lang="ts">
	import { cn } from "$lib/utils.js";[39m

c:\Users\christopher.ziesch\repos\Troiber\Projecte\ampelv1\[32msrc\lib\components\ui\command\command-input.svelte[39m:1:1
[31mError[39m: Error in svelte.config.js

Error [ERR_MODULE_NOT_FOUND]: Cannot find package '@sveltejs/adapter-auto' imported from c:\Users\christopher.ziesch\repos\Troiber\Projecte\ampelv1\svelte.config.js (svelte)
[36m[35m<scri[36mpt lang="ts">
	import { Command as CommandPrimitive } from "bits-ui";[39m

c:\Users\christopher.ziesch\repos\Troiber\Projecte\ampelv1\[32msrc\lib\components\ui\command\command-list.svelte[39m:1:1
[31mError[39m: Error in svelte.config.js

Error [ERR_MODULE_NOT_FOUND]: Cannot find package '@sveltejs/adapter-auto' imported from c:\Users\christopher.ziesch\repos\Troiber\Projecte\ampelv1\svelte.config.js (svelte)
[36m[35m<scri[36mpt lang="ts">
	import { Command as CommandPrimitive } from "bits-ui";[39m

c:\Users\christopher.ziesch\repos\Troiber\Projecte\ampelv1\[32msrc\lib\components\ui\command\command-separator.svelte[39m:1:1
[31mError[39m: Error in svelte.config.js

Error [ERR_MODULE_NOT_FOUND]: Cannot find package '@sveltejs/adapter-auto' imported from c:\Users\christopher.ziesch\repos\Troiber\Projecte\ampelv1\svelte.config.js (svelte)
[36m[35m<scri[36mpt lang="ts">
	import { Command as CommandPrimitive } from "bits-ui";[39m

c:\Users\christopher.ziesch\repos\Troiber\Projecte\ampelv1\[32msrc\lib\components\ui\command\command-shortcut.svelte[39m:1:1
[31mError[39m: Error in svelte.config.js

Error [ERR_MODULE_NOT_FOUND]: Cannot find package '@sveltejs/adapter-auto' imported from c:\Users\christopher.ziesch\repos\Troiber\Projecte\ampelv1\svelte.config.js (svelte)
[36m[35m<scri[36mpt lang="ts">
	import { cn, type WithElementRef } from "$lib/utils.js";[39m

c:\Users\christopher.ziesch\repos\Troiber\Projecte\ampelv1\[32msrc\lib\components\ui\command\command-link-item.svelte[39m:1:1
[31mError[39m: Error in svelte.config.js

Error [ERR_MODULE_NOT_FOUND]: Cannot find package '@sveltejs/adapter-auto' imported from c:\Users\christopher.ziesch\repos\Troiber\Projecte\ampelv1\svelte.config.js (svelte)
[36m[35m<scri[36mpt lang="ts">
	import { Command as CommandPrimitive } from "bits-ui";[39m

c:\Users\christopher.ziesch\repos\Troiber\Projecte\ampelv1\[32msrc\lib\components\ui\context-menu\context-menu.svelte[39m:1:1
[31mError[39m: Error in svelte.config.js

Error [ERR_MODULE_NOT_FOUND]: Cannot find package '@sveltejs/adapter-auto' imported from c:\Users\christopher.ziesch\repos\Troiber\Projecte\ampelv1\svelte.config.js (svelte)
[36m[35m<scri[36mpt lang="ts">
	import { ContextMenu as ContextMenuPrimitive } from "bits-ui";[39m

c:\Users\christopher.ziesch\repos\Troiber\Projecte\ampelv1\[32msrc\lib\components\ui\context-menu\context-menu-sub.svelte[39m:1:1
[31mError[39m: Error in svelte.config.js

Error [ERR_MODULE_NOT_FOUND]: Cannot find package '@sveltejs/adapter-auto' imported from c:\Users\christopher.ziesch\repos\Troiber\Projecte\ampelv1\svelte.config.js (svelte)
[36m[35m<scri[36mpt lang="ts">
	import { ContextMenu as ContextMenuPrimitive } from "bits-ui";[39m

c:\Users\christopher.ziesch\repos\Troiber\Projecte\ampelv1\[32msrc\lib\components\ui\context-menu\context-menu-portal.svelte[39m:1:1
[31mError[39m: Error in svelte.config.js

Error [ERR_MODULE_NOT_FOUND]: Cannot find package '@sveltejs/adapter-auto' imported from c:\Users\christopher.ziesch\repos\Troiber\Projecte\ampelv1\svelte.config.js (svelte)
[36m[35m<scri[36mpt lang="ts">
	import { ContextMenu as ContextMenuPrimitive } from "bits-ui";[39m

c:\Users\christopher.ziesch\repos\Troiber\Projecte\ampelv1\[32msrc\lib\components\ui\context-menu\context-menu-trigger.svelte[39m:1:1
[31mError[39m: Error in svelte.config.js

Error [ERR_MODULE_NOT_FOUND]: Cannot find package '@sveltejs/adapter-auto' imported from c:\Users\christopher.ziesch\repos\Troiber\Projecte\ampelv1\svelte.config.js (svelte)
[36m[35m<scri[36mpt lang="ts">
	import { ContextMenu as ContextMenuPrimitive } from "bits-ui";[39m

c:\Users\christopher.ziesch\repos\Troiber\Projecte\ampelv1\[32msrc\lib\components\ui\context-menu\context-menu-group.svelte[39m:1:1
[31mError[39m: Error in svelte.config.js

Error [ERR_MODULE_NOT_FOUND]: Cannot find package '@sveltejs/adapter-auto' imported from c:\Users\christopher.ziesch\repos\Troiber\Projecte\ampelv1\svelte.config.js (svelte)
[36m[35m<scri[36mpt lang="ts">
	import { ContextMenu as ContextMenuPrimitive } from "bits-ui";[39m

c:\Users\christopher.ziesch\repos\Troiber\Projecte\ampelv1\[32msrc\lib\components\ui\context-menu\context-menu-radio-group.svelte[39m:1:1
[31mError[39m: Error in svelte.config.js

Error [ERR_MODULE_NOT_FOUND]: Cannot find package '@sveltejs/adapter-auto' imported from c:\Users\christopher.ziesch\repos\Troiber\Projecte\ampelv1\svelte.config.js (svelte)
[36m[35m<scri[36mpt lang="ts">
	import { ContextMenu as ContextMenuPrimitive } from "bits-ui";[39m

c:\Users\christopher.ziesch\repos\Troiber\Projecte\ampelv1\[32msrc\lib\components\ui\context-menu\context-menu-item.svelte[39m:1:1
[31mError[39m: Error in svelte.config.js

Error [ERR_MODULE_NOT_FOUND]: Cannot find package '@sveltejs/adapter-auto' imported from c:\Users\christopher.ziesch\repos\Troiber\Projecte\ampelv1\svelte.config.js (svelte)
[36m[35m<scri[36mpt lang="ts">
	import { ContextMenu as ContextMenuPrimitive } from "bits-ui";[39m

c:\Users\christopher.ziesch\repos\Troiber\Projecte\ampelv1\[32msrc\lib\components\ui\context-menu\context-menu-group-heading.svelte[39m:1:1
[31mError[39m: Error in svelte.config.js

Error [ERR_MODULE_NOT_FOUND]: Cannot find package '@sveltejs/adapter-auto' imported from c:\Users\christopher.ziesch\repos\Troiber\Projecte\ampelv1\svelte.config.js (svelte)
[36m[35m<scri[36mpt lang="ts">
	import { ContextMenu as ContextMenuPrimitive } from "bits-ui";[39m

c:\Users\christopher.ziesch\repos\Troiber\Projecte\ampelv1\[32msrc\lib\components\ui\context-menu\context-menu-content.svelte[39m:1:1
[31mError[39m: Error in svelte.config.js

Error [ERR_MODULE_NOT_FOUND]: Cannot find package '@sveltejs/adapter-auto' imported from c:\Users\christopher.ziesch\repos\Troiber\Projecte\ampelv1\svelte.config.js (svelte)
[36m[35m<scri[36mpt lang="ts">
	import { ContextMenu as ContextMenuPrimitive } from "bits-ui";[39m

c:\Users\christopher.ziesch\repos\Troiber\Projecte\ampelv1\[32msrc\lib\components\ui\context-menu\context-menu-shortcut.svelte[39m:1:1
[31mError[39m: Error in svelte.config.js

Error [ERR_MODULE_NOT_FOUND]: Cannot find package '@sveltejs/adapter-auto' imported from c:\Users\christopher.ziesch\repos\Troiber\Projecte\ampelv1\svelte.config.js (svelte)
[36m[35m<scri[36mpt lang="ts">
	import { cn, type WithElementRef } from "$lib/utils.js";[39m

c:\Users\christopher.ziesch\repos\Troiber\Projecte\ampelv1\[32msrc\lib\components\ui\context-menu\context-menu-radio-item.svelte[39m:1:1
[31mError[39m: Error in svelte.config.js

Error [ERR_MODULE_NOT_FOUND]: Cannot find package '@sveltejs/adapter-auto' imported from c:\Users\christopher.ziesch\repos\Troiber\Projecte\ampelv1\svelte.config.js (svelte)
[36m[35m<scri[36mpt lang="ts">
	import { ContextMenu as ContextMenuPrimitive } from "bits-ui";[39m

c:\Users\christopher.ziesch\repos\Troiber\Projecte\ampelv1\[32msrc\lib\components\ui\context-menu\context-menu-separator.svelte[39m:1:1
[31mError[39m: Error in svelte.config.js

Error [ERR_MODULE_NOT_FOUND]: Cannot find package '@sveltejs/adapter-auto' imported from c:\Users\christopher.ziesch\repos\Troiber\Projecte\ampelv1\svelte.config.js (svelte)
[36m[35m<scri[36mpt lang="ts">
	import { ContextMenu as ContextMenuPrimitive } from "bits-ui";[39m

c:\Users\christopher.ziesch\repos\Troiber\Projecte\ampelv1\[32msrc\lib\components\ui\context-menu\context-menu-sub-content.svelte[39m:1:1
[31mError[39m: Error in svelte.config.js

Error [ERR_MODULE_NOT_FOUND]: Cannot find package '@sveltejs/adapter-auto' imported from c:\Users\christopher.ziesch\repos\Troiber\Projecte\ampelv1\svelte.config.js (svelte)
[36m[35m<scri[36mpt lang="ts">
	import { ContextMenu as ContextMenuPrimitive } from "bits-ui";[39m

c:\Users\christopher.ziesch\repos\Troiber\Projecte\ampelv1\[32msrc\lib\components\ui\context-menu\context-menu-sub-trigger.svelte[39m:1:1
[31mError[39m: Error in svelte.config.js

Error [ERR_MODULE_NOT_FOUND]: Cannot find package '@sveltejs/adapter-auto' imported from c:\Users\christopher.ziesch\repos\Troiber\Projecte\ampelv1\svelte.config.js (svelte)
[36m[35m<scri[36mpt lang="ts">
	import { ContextMenu as ContextMenuPrimitive } from "bits-ui";[39m

c:\Users\christopher.ziesch\repos\Troiber\Projecte\ampelv1\[32msrc\lib\components\ui\context-menu\context-menu-checkbox-item.svelte[39m:1:1
[31mError[39m: Error in svelte.config.js

Error [ERR_MODULE_NOT_FOUND]: Cannot find package '@sveltejs/adapter-auto' imported from c:\Users\christopher.ziesch\repos\Troiber\Projecte\ampelv1\svelte.config.js (svelte)
[36m[35m<scri[36mpt lang="ts">
	import { ContextMenu as ContextMenuPrimitive } from "bits-ui";[39m

c:\Users\christopher.ziesch\repos\Troiber\Projecte\ampelv1\[32msrc\lib\components\ui\context-menu\context-menu-label.svelte[39m:1:1
[31mError[39m: Error in svelte.config.js

Error [ERR_MODULE_NOT_FOUND]: Cannot find package '@sveltejs/adapter-auto' imported from c:\Users\christopher.ziesch\repos\Troiber\Projecte\ampelv1\svelte.config.js (svelte)
[36m[35m<scri[36mpt lang="ts">
	import { cn, type WithElementRef } from "$lib/utils.js";[39m

c:\Users\christopher.ziesch\repos\Troiber\Projecte\ampelv1\[32msrc\lib\components\ui\data-table\flex-render.svelte[39m:1:1
[31mError[39m: Error in svelte.config.js

Error [ERR_MODULE_NOT_FOUND]: Cannot find package '@sveltejs/adapter-auto' imported from c:\Users\christopher.ziesch\repos\Troiber\Projecte\ampelv1\svelte.config.js (svelte)
[36m[35m<scri[36mpt
	lang="ts"[39m

c:\Users\christopher.ziesch\repos\Troiber\Projecte\ampelv1\[32msrc\lib\components\ui\drawer\drawer.svelte[39m:1:1
[31mError[39m: Error in svelte.config.js

Error [ERR_MODULE_NOT_FOUND]: Cannot find package '@sveltejs/adapter-auto' imported from c:\Users\christopher.ziesch\repos\Troiber\Projecte\ampelv1\svelte.config.js (svelte)
[36m[35m<scri[36mpt lang="ts">
	import { Drawer as DrawerPrimitive } from "vaul-svelte";[39m

c:\Users\christopher.ziesch\repos\Troiber\Projecte\ampelv1\[32msrc\lib\components\ui\drawer\drawer-portal.svelte[39m:1:1
[31mError[39m: Error in svelte.config.js

Error [ERR_MODULE_NOT_FOUND]: Cannot find package '@sveltejs/adapter-auto' imported from c:\Users\christopher.ziesch\repos\Troiber\Projecte\ampelv1\svelte.config.js (svelte)
[36m[35m<scri[36mpt lang="ts">
	import { Drawer as DrawerPrimitive } from "vaul-svelte";[39m

c:\Users\christopher.ziesch\repos\Troiber\Projecte\ampelv1\[32msrc\lib\components\ui\drawer\drawer-overlay.svelte[39m:1:1
[31mError[39m: Error in svelte.config.js

Error [ERR_MODULE_NOT_FOUND]: Cannot find package '@sveltejs/adapter-auto' imported from c:\Users\christopher.ziesch\repos\Troiber\Projecte\ampelv1\svelte.config.js (svelte)
[36m[35m<scri[36mpt lang="ts">
	import { Drawer as DrawerPrimitive } from "vaul-svelte";[39m

c:\Users\christopher.ziesch\repos\Troiber\Projecte\ampelv1\[32msrc\lib\components\ui\drawer\drawer-content.svelte[39m:1:1
[31mError[39m: Error in svelte.config.js

Error [ERR_MODULE_NOT_FOUND]: Cannot find package '@sveltejs/adapter-auto' imported from c:\Users\christopher.ziesch\repos\Troiber\Projecte\ampelv1\svelte.config.js (svelte)
[36m[35m<scri[36mpt lang="ts">
	import { Drawer as DrawerPrimitive } from "vaul-svelte";[39m

c:\Users\christopher.ziesch\repos\Troiber\Projecte\ampelv1\[32msrc\lib\components\ui\drawer\drawer-description.svelte[39m:1:1
[31mError[39m: Error in svelte.config.js

Error [ERR_MODULE_NOT_FOUND]: Cannot find package '@sveltejs/adapter-auto' imported from c:\Users\christopher.ziesch\repos\Troiber\Projecte\ampelv1\svelte.config.js (svelte)
[36m[35m<scri[36mpt lang="ts">
	import { Drawer as DrawerPrimitive } from "vaul-svelte";[39m

c:\Users\christopher.ziesch\repos\Troiber\Projecte\ampelv1\[32msrc\lib\components\ui\drawer\drawer-footer.svelte[39m:1:1
[31mError[39m: Error in svelte.config.js

Error [ERR_MODULE_NOT_FOUND]: Cannot find package '@sveltejs/adapter-auto' imported from c:\Users\christopher.ziesch\repos\Troiber\Projecte\ampelv1\svelte.config.js (svelte)
[36m[35m<scri[36mpt lang="ts">
	import { cn, type WithElementRef } from "$lib/utils.js";[39m

c:\Users\christopher.ziesch\repos\Troiber\Projecte\ampelv1\[32msrc\lib\components\ui\drawer\drawer-header.svelte[39m:1:1
[31mError[39m: Error in svelte.config.js

Error [ERR_MODULE_NOT_FOUND]: Cannot find package '@sveltejs/adapter-auto' imported from c:\Users\christopher.ziesch\repos\Troiber\Projecte\ampelv1\svelte.config.js (svelte)
[36m[35m<scri[36mpt lang="ts">
	import type { HTMLAttributes } from "svelte/elements";[39m

c:\Users\christopher.ziesch\repos\Troiber\Projecte\ampelv1\[32msrc\lib\components\ui\drawer\drawer-title.svelte[39m:1:1
[31mError[39m: Error in svelte.config.js

Error [ERR_MODULE_NOT_FOUND]: Cannot find package '@sveltejs/adapter-auto' imported from c:\Users\christopher.ziesch\repos\Troiber\Projecte\ampelv1\svelte.config.js (svelte)
[36m[35m<scri[36mpt lang="ts">
	import { Drawer as DrawerPrimitive } from "vaul-svelte";[39m

c:\Users\christopher.ziesch\repos\Troiber\Projecte\ampelv1\[32msrc\lib\components\ui\drawer\drawer-nested.svelte[39m:1:1
[31mError[39m: Error in svelte.config.js

Error [ERR_MODULE_NOT_FOUND]: Cannot find package '@sveltejs/adapter-auto' imported from c:\Users\christopher.ziesch\repos\Troiber\Projecte\ampelv1\svelte.config.js (svelte)
[36m[35m<scri[36mpt lang="ts">
	import { Drawer as DrawerPrimitive } from "vaul-svelte";[39m

c:\Users\christopher.ziesch\repos\Troiber\Projecte\ampelv1\[32msrc\lib\components\ui\drawer\drawer-close.svelte[39m:1:1
[31mError[39m: Error in svelte.config.js

Error [ERR_MODULE_NOT_FOUND]: Cannot find package '@sveltejs/adapter-auto' imported from c:\Users\christopher.ziesch\repos\Troiber\Projecte\ampelv1\svelte.config.js (svelte)
[36m[35m<scri[36mpt lang="ts">
	import { Drawer as DrawerPrimitive } from "vaul-svelte";[39m

c:\Users\christopher.ziesch\repos\Troiber\Projecte\ampelv1\[32msrc\lib\components\ui\drawer\drawer-trigger.svelte[39m:1:1
[31mError[39m: Error in svelte.config.js

Error [ERR_MODULE_NOT_FOUND]: Cannot find package '@sveltejs/adapter-auto' imported from c:\Users\christopher.ziesch\repos\Troiber\Projecte\ampelv1\svelte.config.js (svelte)
[36m[35m<scri[36mpt lang="ts">
	import { Drawer as DrawerPrimitive } from "vaul-svelte";[39m

c:\Users\christopher.ziesch\repos\Troiber\Projecte\ampelv1\[32msrc\lib\components\ui\dropdown-menu\dropdown-menu.svelte[39m:1:1
[31mError[39m: Error in svelte.config.js

Error [ERR_MODULE_NOT_FOUND]: Cannot find package '@sveltejs/adapter-auto' imported from c:\Users\christopher.ziesch\repos\Troiber\Projecte\ampelv1\svelte.config.js (svelte)
[36m[35m<scri[36mpt lang="ts">
	import { DropdownMenu as DropdownMenuPrimitive } from "bits-ui";[39m

c:\Users\christopher.ziesch\repos\Troiber\Projecte\ampelv1\[32msrc\lib\components\ui\dropdown-menu\dropdown-menu-sub.svelte[39m:1:1
[31mError[39m: Error in svelte.config.js

Error [ERR_MODULE_NOT_FOUND]: Cannot find package '@sveltejs/adapter-auto' imported from c:\Users\christopher.ziesch\repos\Troiber\Projecte\ampelv1\svelte.config.js (svelte)
[36m[35m<scri[36mpt lang="ts">
	import { DropdownMenu as DropdownMenuPrimitive } from "bits-ui";[39m

c:\Users\christopher.ziesch\repos\Troiber\Projecte\ampelv1\[32msrc\lib\components\ui\dropdown-menu\dropdown-menu-checkbox-group.svelte[39m:1:1
[31mError[39m: Error in svelte.config.js

Error [ERR_MODULE_NOT_FOUND]: Cannot find package '@sveltejs/adapter-auto' imported from c:\Users\christopher.ziesch\repos\Troiber\Projecte\ampelv1\svelte.config.js (svelte)
[36m[35m<scri[36mpt lang="ts">
	import { DropdownMenu as DropdownMenuPrimitive } from "bits-ui";[39m

c:\Users\christopher.ziesch\repos\Troiber\Projecte\ampelv1\[32msrc\lib\components\ui\dropdown-menu\dropdown-menu-checkbox-item.svelte[39m:1:1
[31mError[39m: Error in svelte.config.js

Error [ERR_MODULE_NOT_FOUND]: Cannot find package '@sveltejs/adapter-auto' imported from c:\Users\christopher.ziesch\repos\Troiber\Projecte\ampelv1\svelte.config.js (svelte)
[36m[35m<scri[36mpt lang="ts">
	import { DropdownMenu as DropdownMenuPrimitive } from "bits-ui";[39m

c:\Users\christopher.ziesch\repos\Troiber\Projecte\ampelv1\[32msrc\lib\components\ui\dropdown-menu\dropdown-menu-portal.svelte[39m:1:1
[31mError[39m: Error in svelte.config.js

Error [ERR_MODULE_NOT_FOUND]: Cannot find package '@sveltejs/adapter-auto' imported from c:\Users\christopher.ziesch\repos\Troiber\Projecte\ampelv1\svelte.config.js (svelte)
[36m[35m<scri[36mpt lang="ts">
	import { DropdownMenu as DropdownMenuPrimitive } from "bits-ui";[39m

c:\Users\christopher.ziesch\repos\Troiber\Projecte\ampelv1\[32msrc\lib\components\ui\dropdown-menu\dropdown-menu-content.svelte[39m:1:1
[31mError[39m: Error in svelte.config.js

Error [ERR_MODULE_NOT_FOUND]: Cannot find package '@sveltejs/adapter-auto' imported from c:\Users\christopher.ziesch\repos\Troiber\Projecte\ampelv1\svelte.config.js (svelte)
[36m[35m<scri[36mpt lang="ts">
	import { cn, type WithoutChildrenOrChild } from "$lib/utils.js";[39m

c:\Users\christopher.ziesch\repos\Troiber\Projecte\ampelv1\[32msrc\lib\components\ui\dropdown-menu\dropdown-menu-group.svelte[39m:1:1
[31mError[39m: Error in svelte.config.js

Error [ERR_MODULE_NOT_FOUND]: Cannot find package '@sveltejs/adapter-auto' imported from c:\Users\christopher.ziesch\repos\Troiber\Projecte\ampelv1\svelte.config.js (svelte)
[36m[35m<scri[36mpt lang="ts">
	import { DropdownMenu as DropdownMenuPrimitive } from "bits-ui";[39m

c:\Users\christopher.ziesch\repos\Troiber\Projecte\ampelv1\[32msrc\lib\components\ui\dropdown-menu\dropdown-menu-item.svelte[39m:1:1
[31mError[39m: Error in svelte.config.js

Error [ERR_MODULE_NOT_FOUND]: Cannot find package '@sveltejs/adapter-auto' imported from c:\Users\christopher.ziesch\repos\Troiber\Projecte\ampelv1\svelte.config.js (svelte)
[36m[35m<scri[36mpt lang="ts">
	import { cn } from "$lib/utils.js";[39m

c:\Users\christopher.ziesch\repos\Troiber\Projecte\ampelv1\[32msrc\lib\components\ui\dropdown-menu\dropdown-menu-label.svelte[39m:1:1
[31mError[39m: Error in svelte.config.js

Error [ERR_MODULE_NOT_FOUND]: Cannot find package '@sveltejs/adapter-auto' imported from c:\Users\christopher.ziesch\repos\Troiber\Projecte\ampelv1\svelte.config.js (svelte)
[36m[35m<scri[36mpt lang="ts">
	import { cn, type WithElementRef } from "$lib/utils.js";[39m

c:\Users\christopher.ziesch\repos\Troiber\Projecte\ampelv1\[32msrc\lib\components\ui\dropdown-menu\dropdown-menu-radio-group.svelte[39m:1:1
[31mError[39m: Error in svelte.config.js

Error [ERR_MODULE_NOT_FOUND]: Cannot find package '@sveltejs/adapter-auto' imported from c:\Users\christopher.ziesch\repos\Troiber\Projecte\ampelv1\svelte.config.js (svelte)
[36m[35m<scri[36mpt lang="ts">
	import { DropdownMenu as DropdownMenuPrimitive } from "bits-ui";[39m

c:\Users\christopher.ziesch\repos\Troiber\Projecte\ampelv1\[32msrc\lib\components\ui\dropdown-menu\dropdown-menu-radio-item.svelte[39m:1:1
[31mError[39m: Error in svelte.config.js

Error [ERR_MODULE_NOT_FOUND]: Cannot find package '@sveltejs/adapter-auto' imported from c:\Users\christopher.ziesch\repos\Troiber\Projecte\ampelv1\svelte.config.js (svelte)
[36m[35m<scri[36mpt lang="ts">
	import { DropdownMenu as DropdownMenuPrimitive } from "bits-ui";[39m

c:\Users\christopher.ziesch\repos\Troiber\Projecte\ampelv1\[32msrc\lib\components\ui\dropdown-menu\dropdown-menu-separator.svelte[39m:1:1
[31mError[39m: Error in svelte.config.js

Error [ERR_MODULE_NOT_FOUND]: Cannot find package '@sveltejs/adapter-auto' imported from c:\Users\christopher.ziesch\repos\Troiber\Projecte\ampelv1\svelte.config.js (svelte)
[36m[35m<scri[36mpt lang="ts">
	import { DropdownMenu as DropdownMenuPrimitive } from "bits-ui";[39m

c:\Users\christopher.ziesch\repos\Troiber\Projecte\ampelv1\[32msrc\lib\components\ui\dropdown-menu\dropdown-menu-shortcut.svelte[39m:1:1
[31mError[39m: Error in svelte.config.js

Error [ERR_MODULE_NOT_FOUND]: Cannot find package '@sveltejs/adapter-auto' imported from c:\Users\christopher.ziesch\repos\Troiber\Projecte\ampelv1\svelte.config.js (svelte)
[36m[35m<scri[36mpt lang="ts">
	import type { HTMLAttributes } from "svelte/elements";[39m

c:\Users\christopher.ziesch\repos\Troiber\Projecte\ampelv1\[32msrc\lib\components\ui\dropdown-menu\dropdown-menu-trigger.svelte[39m:1:1
[31mError[39m: Error in svelte.config.js

Error [ERR_MODULE_NOT_FOUND]: Cannot find package '@sveltejs/adapter-auto' imported from c:\Users\christopher.ziesch\repos\Troiber\Projecte\ampelv1\svelte.config.js (svelte)
[36m[35m<scri[36mpt lang="ts">
	import { DropdownMenu as DropdownMenuPrimitive } from "bits-ui";[39m

c:\Users\christopher.ziesch\repos\Troiber\Projecte\ampelv1\[32msrc\lib\components\ui\dropdown-menu\dropdown-menu-sub-content.svelte[39m:1:1
[31mError[39m: Error in svelte.config.js

Error [ERR_MODULE_NOT_FOUND]: Cannot find package '@sveltejs/adapter-auto' imported from c:\Users\christopher.ziesch\repos\Troiber\Projecte\ampelv1\svelte.config.js (svelte)
[36m[35m<scri[36mpt lang="ts">
	import { DropdownMenu as DropdownMenuPrimitive } from "bits-ui";[39m

c:\Users\christopher.ziesch\repos\Troiber\Projecte\ampelv1\[32msrc\lib\components\ui\dropdown-menu\dropdown-menu-sub-trigger.svelte[39m:1:1
[31mError[39m: Error in svelte.config.js

Error [ERR_MODULE_NOT_FOUND]: Cannot find package '@sveltejs/adapter-auto' imported from c:\Users\christopher.ziesch\repos\Troiber\Projecte\ampelv1\svelte.config.js (svelte)
[36m[35m<scri[36mpt lang="ts">
	import { DropdownMenu as DropdownMenuPrimitive } from "bits-ui";[39m

c:\Users\christopher.ziesch\repos\Troiber\Projecte\ampelv1\[32msrc\lib\components\ui\dropdown-menu\dropdown-menu-group-heading.svelte[39m:1:1
[31mError[39m: Error in svelte.config.js

Error [ERR_MODULE_NOT_FOUND]: Cannot find package '@sveltejs/adapter-auto' imported from c:\Users\christopher.ziesch\repos\Troiber\Projecte\ampelv1\svelte.config.js (svelte)
[36m[35m<scri[36mpt lang="ts">
	import { DropdownMenu as DropdownMenuPrimitive } from "bits-ui";[39m

c:\Users\christopher.ziesch\repos\Troiber\Projecte\ampelv1\[32msrc\lib\components\ui\empty\empty.svelte[39m:1:1
[31mError[39m: Error in svelte.config.js

Error [ERR_MODULE_NOT_FOUND]: Cannot find package '@sveltejs/adapter-auto' imported from c:\Users\christopher.ziesch\repos\Troiber\Projecte\ampelv1\svelte.config.js (svelte)
[36m[35m<scri[36mpt lang="ts">
	import { cn, type WithElementRef } from "$lib/utils.js";[39m

c:\Users\christopher.ziesch\repos\Troiber\Projecte\ampelv1\[32msrc\lib\components\ui\empty\empty-header.svelte[39m:1:1
[31mError[39m: Error in svelte.config.js

Error [ERR_MODULE_NOT_FOUND]: Cannot find package '@sveltejs/adapter-auto' imported from c:\Users\christopher.ziesch\repos\Troiber\Projecte\ampelv1\svelte.config.js (svelte)
[36m[35m<scri[36mpt lang="ts">
	import { cn, type WithElementRef } from "$lib/utils.js";[39m

c:\Users\christopher.ziesch\repos\Troiber\Projecte\ampelv1\[32msrc\lib\components\ui\empty\empty-media.svelte[39m:1:1
[31mError[39m: Error in svelte.config.js

Error [ERR_MODULE_NOT_FOUND]: Cannot find package '@sveltejs/adapter-auto' imported from c:\Users\christopher.ziesch\repos\Troiber\Projecte\ampelv1\svelte.config.js (svelte)
[36m[35m<scri[36mpt lang="ts" module>
	import { tv, type VariantProps } from "tailwind-variants";[39m

c:\Users\christopher.ziesch\repos\Troiber\Projecte\ampelv1\[32msrc\lib\components\ui\empty\empty-title.svelte[39m:1:1
[31mError[39m: Error in svelte.config.js

Error [ERR_MODULE_NOT_FOUND]: Cannot find package '@sveltejs/adapter-auto' imported from c:\Users\christopher.ziesch\repos\Troiber\Projecte\ampelv1\svelte.config.js (svelte)
[36m[35m<scri[36mpt lang="ts">
	import { cn, type WithElementRef } from "$lib/utils.js";[39m

c:\Users\christopher.ziesch\repos\Troiber\Projecte\ampelv1\[32msrc\lib\components\ui\empty\empty-description.svelte[39m:1:1
[31mError[39m: Error in svelte.config.js

Error [ERR_MODULE_NOT_FOUND]: Cannot find package '@sveltejs/adapter-auto' imported from c:\Users\christopher.ziesch\repos\Troiber\Projecte\ampelv1\svelte.config.js (svelte)
[36m[35m<scri[36mpt lang="ts">
	import { cn, type WithElementRef } from "$lib/utils.js";[39m

c:\Users\christopher.ziesch\repos\Troiber\Projecte\ampelv1\[32msrc\lib\components\ui\empty\empty-content.svelte[39m:1:1
[31mError[39m: Error in svelte.config.js

Error [ERR_MODULE_NOT_FOUND]: Cannot find package '@sveltejs/adapter-auto' imported from c:\Users\christopher.ziesch\repos\Troiber\Projecte\ampelv1\svelte.config.js (svelte)
[36m[35m<scri[36mpt lang="ts">
	import { cn, type WithElementRef } from "$lib/utils.js";[39m

c:\Users\christopher.ziesch\repos\Troiber\Projecte\ampelv1\[32msrc\lib\components\ui\field\field.svelte[39m:1:1
[31mError[39m: Error in svelte.config.js

Error [ERR_MODULE_NOT_FOUND]: Cannot find package '@sveltejs/adapter-auto' imported from c:\Users\christopher.ziesch\repos\Troiber\Projecte\ampelv1\svelte.config.js (svelte)
[36m[35m<scri[36mpt lang="ts" module>
	import { tv, type VariantProps } from "tailwind-variants";[39m

c:\Users\christopher.ziesch\repos\Troiber\Projecte\ampelv1\[32msrc\lib\components\ui\field\field-set.svelte[39m:1:1
[31mError[39m: Error in svelte.config.js

Error [ERR_MODULE_NOT_FOUND]: Cannot find package '@sveltejs/adapter-auto' imported from c:\Users\christopher.ziesch\repos\Troiber\Projecte\ampelv1\svelte.config.js (svelte)
[36m[35m<scri[36mpt lang="ts">
	import { cn, type WithElementRef } from "$lib/utils.js";[39m

c:\Users\christopher.ziesch\repos\Troiber\Projecte\ampelv1\[32msrc\lib\components\ui\field\field-legend.svelte[39m:1:1
[31mError[39m: Error in svelte.config.js

Error [ERR_MODULE_NOT_FOUND]: Cannot find package '@sveltejs/adapter-auto' imported from c:\Users\christopher.ziesch\repos\Troiber\Projecte\ampelv1\svelte.config.js (svelte)
[36m[35m<scri[36mpt lang="ts">
	import { cn, type WithElementRef } from "$lib/utils.js";[39m

c:\Users\christopher.ziesch\repos\Troiber\Projecte\ampelv1\[32msrc\lib\components\ui\field\field-group.svelte[39m:1:1
[31mError[39m: Error in svelte.config.js

Error [ERR_MODULE_NOT_FOUND]: Cannot find package '@sveltejs/adapter-auto' imported from c:\Users\christopher.ziesch\repos\Troiber\Projecte\ampelv1\svelte.config.js (svelte)
[36m[35m<scri[36mpt lang="ts">
	import { cn, type WithElementRef } from "$lib/utils.js";[39m

c:\Users\christopher.ziesch\repos\Troiber\Projecte\ampelv1\[32msrc\lib\components\ui\field\field-content.svelte[39m:1:1
[31mError[39m: Error in svelte.config.js

Error [ERR_MODULE_NOT_FOUND]: Cannot find package '@sveltejs/adapter-auto' imported from c:\Users\christopher.ziesch\repos\Troiber\Projecte\ampelv1\svelte.config.js (svelte)
[36m[35m<scri[36mpt lang="ts">
	import { cn, type WithElementRef } from "$lib/utils.js";[39m

c:\Users\christopher.ziesch\repos\Troiber\Projecte\ampelv1\[32msrc\lib\components\ui\label\label.svelte[39m:1:1
[31mError[39m: Error in svelte.config.js

Error [ERR_MODULE_NOT_FOUND]: Cannot find package '@sveltejs/adapter-auto' imported from c:\Users\christopher.ziesch\repos\Troiber\Projecte\ampelv1\svelte.config.js (svelte)
[36m[35m<scri[36mpt lang="ts">
	import { Label as LabelPrimitive } from "bits-ui";[39m

c:\Users\christopher.ziesch\repos\Troiber\Projecte\ampelv1\[32msrc\lib\components\ui\field\field-label.svelte[39m:1:1
[31mError[39m: Error in svelte.config.js

Error [ERR_MODULE_NOT_FOUND]: Cannot find package '@sveltejs/adapter-auto' imported from c:\Users\christopher.ziesch\repos\Troiber\Projecte\ampelv1\svelte.config.js (svelte)
[36m[35m<scri[36mpt lang="ts">
	import { Label } from "$lib/components/ui/label/index.js";[39m

c:\Users\christopher.ziesch\repos\Troiber\Projecte\ampelv1\[32msrc\lib\components\ui\field\field-title.svelte[39m:1:1
[31mError[39m: Error in svelte.config.js

Error [ERR_MODULE_NOT_FOUND]: Cannot find package '@sveltejs/adapter-auto' imported from c:\Users\christopher.ziesch\repos\Troiber\Projecte\ampelv1\svelte.config.js (svelte)
[36m[35m<scri[36mpt lang="ts">
	import { cn, type WithElementRef } from "$lib/utils.js";[39m

c:\Users\christopher.ziesch\repos\Troiber\Projecte\ampelv1\[32msrc\lib\components\ui\field\field-description.svelte[39m:1:1
[31mError[39m: Error in svelte.config.js

Error [ERR_MODULE_NOT_FOUND]: Cannot find package '@sveltejs/adapter-auto' imported from c:\Users\christopher.ziesch\repos\Troiber\Projecte\ampelv1\svelte.config.js (svelte)
[36m[35m<scri[36mpt lang="ts">
	import { cn, type WithElementRef } from "$lib/utils.js";[39m

c:\Users\christopher.ziesch\repos\Troiber\Projecte\ampelv1\[32msrc\lib\components\ui\field\field-separator.svelte[39m:1:1
[31mError[39m: Error in svelte.config.js

Error [ERR_MODULE_NOT_FOUND]: Cannot find package '@sveltejs/adapter-auto' imported from c:\Users\christopher.ziesch\repos\Troiber\Projecte\ampelv1\svelte.config.js (svelte)
[36m[35m<scri[36mpt lang="ts">
	import { Separator } from "$lib/components/ui/separator/index.js";[39m

c:\Users\christopher.ziesch\repos\Troiber\Projecte\ampelv1\[32msrc\lib\components\ui\field\field-error.svelte[39m:1:1
[31mError[39m: Error in svelte.config.js

Error [ERR_MODULE_NOT_FOUND]: Cannot find package '@sveltejs/adapter-auto' imported from c:\Users\christopher.ziesch\repos\Troiber\Projecte\ampelv1\svelte.config.js (svelte)
[36m[35m<scri[36mpt lang="ts">
	import { cn, type WithElementRef } from "$lib/utils.js";[39m

c:\Users\christopher.ziesch\repos\Troiber\Projecte\ampelv1\[32msrc\lib\components\ui\form\form-description.svelte[39m:1:1
[31mError[39m: Error in svelte.config.js

Error [ERR_MODULE_NOT_FOUND]: Cannot find package '@sveltejs/adapter-auto' imported from c:\Users\christopher.ziesch\repos\Troiber\Projecte\ampelv1\svelte.config.js (svelte)
[36m[35m<scri[36mpt lang="ts">
	import * as FormPrimitive from "formsnap";[39m

c:\Users\christopher.ziesch\repos\Troiber\Projecte\ampelv1\[32msrc\lib\components\ui\form\form-label.svelte[39m:1:1
[31mError[39m: Error in svelte.config.js

Error [ERR_MODULE_NOT_FOUND]: Cannot find package '@sveltejs/adapter-auto' imported from c:\Users\christopher.ziesch\repos\Troiber\Projecte\ampelv1\svelte.config.js (svelte)
[36m[35m<scri[36mpt lang="ts">
	import * as FormPrimitive from "formsnap";[39m

c:\Users\christopher.ziesch\repos\Troiber\Projecte\ampelv1\[32msrc\lib\components\ui\form\form-field-errors.svelte[39m:1:1
[31mError[39m: Error in svelte.config.js

Error [ERR_MODULE_NOT_FOUND]: Cannot find package '@sveltejs/adapter-auto' imported from c:\Users\christopher.ziesch\repos\Troiber\Projecte\ampelv1\svelte.config.js (svelte)
[36m[35m<scri[36mpt lang="ts">
	import * as FormPrimitive from "formsnap";[39m

c:\Users\christopher.ziesch\repos\Troiber\Projecte\ampelv1\[32msrc\lib\components\ui\form\form-field.svelte[39m:1:1
[31mError[39m: Error in svelte.config.js

Error [ERR_MODULE_NOT_FOUND]: Cannot find package '@sveltejs/adapter-auto' imported from c:\Users\christopher.ziesch\repos\Troiber\Projecte\ampelv1\svelte.config.js (svelte)
[36m[35m<scri[36mpt lang="ts" generics="T extends Record<string, unknown>, U extends FormPath<T>">
	import * as FormPrimitive from "formsnap";[39m

c:\Users\christopher.ziesch\repos\Troiber\Projecte\ampelv1\[32msrc\lib\components\ui\form\form-fieldset.svelte[39m:1:1
[31mError[39m: Error in svelte.config.js

Error [ERR_MODULE_NOT_FOUND]: Cannot find package '@sveltejs/adapter-auto' imported from c:\Users\christopher.ziesch\repos\Troiber\Projecte\ampelv1\svelte.config.js (svelte)
[36m[35m<scri[36mpt lang="ts" generics="T extends Record<string, unknown>, U extends FormPath<T>">
	import * as FormPrimitive from "formsnap";[39m

c:\Users\christopher.ziesch\repos\Troiber\Projecte\ampelv1\[32msrc\lib\components\ui\form\form-legend.svelte[39m:1:1
[31mError[39m: Error in svelte.config.js

Error [ERR_MODULE_NOT_FOUND]: Cannot find package '@sveltejs/adapter-auto' imported from c:\Users\christopher.ziesch\repos\Troiber\Projecte\ampelv1\svelte.config.js (svelte)
[36m[35m<scri[36mpt lang="ts">
	import * as FormPrimitive from "formsnap";[39m

c:\Users\christopher.ziesch\repos\Troiber\Projecte\ampelv1\[32msrc\lib\components\ui\form\form-element-field.svelte[39m:1:1
[31mError[39m: Error in svelte.config.js

Error [ERR_MODULE_NOT_FOUND]: Cannot find package '@sveltejs/adapter-auto' imported from c:\Users\christopher.ziesch\repos\Troiber\Projecte\ampelv1\svelte.config.js (svelte)
[36m[35m<scri[36mpt lang="ts" generics="T extends Record<string, unknown>, U extends FormPathLeaves<T>">
	import * as FormPrimitive from "formsnap";[39m

c:\Users\christopher.ziesch\repos\Troiber\Projecte\ampelv1\[32msrc\lib\components\ui\form\form-button.svelte[39m:1:1
[31mError[39m: Error in svelte.config.js

Error [ERR_MODULE_NOT_FOUND]: Cannot find package '@sveltejs/adapter-auto' imported from c:\Users\christopher.ziesch\repos\Troiber\Projecte\ampelv1\svelte.config.js (svelte)
[36m[35m<scri[36mpt lang="ts">
	import { Button, type ButtonProps } from "$lib/components/ui/button/index.js";[39m

c:\Users\christopher.ziesch\repos\Troiber\Projecte\ampelv1\[32msrc\lib\components\ui\hover-card\hover-card.svelte[39m:1:1
[31mError[39m: Error in svelte.config.js

Error [ERR_MODULE_NOT_FOUND]: Cannot find package '@sveltejs/adapter-auto' imported from c:\Users\christopher.ziesch\repos\Troiber\Projecte\ampelv1\svelte.config.js (svelte)
[36m[35m<scri[36mpt lang="ts">
	import { LinkPreview as HoverCardPrimitive } from "bits-ui";[39m

c:\Users\christopher.ziesch\repos\Troiber\Projecte\ampelv1\[32msrc\lib\components\ui\hover-card\hover-card-portal.svelte[39m:1:1
[31mError[39m: Error in svelte.config.js

Error [ERR_MODULE_NOT_FOUND]: Cannot find package '@sveltejs/adapter-auto' imported from c:\Users\christopher.ziesch\repos\Troiber\Projecte\ampelv1\svelte.config.js (svelte)
[36m[35m<scri[36mpt lang="ts">
	import { LinkPreview as HoverCardPrimitive } from "bits-ui";[39m

c:\Users\christopher.ziesch\repos\Troiber\Projecte\ampelv1\[32msrc\lib\components\ui\hover-card\hover-card-content.svelte[39m:1:1
[31mError[39m: Error in svelte.config.js

Error [ERR_MODULE_NOT_FOUND]: Cannot find package '@sveltejs/adapter-auto' imported from c:\Users\christopher.ziesch\repos\Troiber\Projecte\ampelv1\svelte.config.js (svelte)
[36m[35m<scri[36mpt lang="ts">
	import { LinkPreview as HoverCardPrimitive } from "bits-ui";[39m

c:\Users\christopher.ziesch\repos\Troiber\Projecte\ampelv1\[32msrc\lib\components\ui\hover-card\hover-card-trigger.svelte[39m:1:1
[31mError[39m: Error in svelte.config.js

Error [ERR_MODULE_NOT_FOUND]: Cannot find package '@sveltejs/adapter-auto' imported from c:\Users\christopher.ziesch\repos\Troiber\Projecte\ampelv1\svelte.config.js (svelte)
[36m[35m<scri[36mpt lang="ts">
	import { LinkPreview as HoverCardPrimitive } from "bits-ui";[39m

c:\Users\christopher.ziesch\repos\Troiber\Projecte\ampelv1\[32msrc\lib\components\ui\input-otp\input-otp.svelte[39m:1:1
[31mError[39m: Error in svelte.config.js

Error [ERR_MODULE_NOT_FOUND]: Cannot find package '@sveltejs/adapter-auto' imported from c:\Users\christopher.ziesch\repos\Troiber\Projecte\ampelv1\svelte.config.js (svelte)
[36m[35m<scri[36mpt lang="ts">
	import { PinInput as InputOTPPrimitive } from "bits-ui";[39m

c:\Users\christopher.ziesch\repos\Troiber\Projecte\ampelv1\[32msrc\lib\components\ui\input-otp\input-otp-group.svelte[39m:1:1
[31mError[39m: Error in svelte.config.js

Error [ERR_MODULE_NOT_FOUND]: Cannot find package '@sveltejs/adapter-auto' imported from c:\Users\christopher.ziesch\repos\Troiber\Projecte\ampelv1\svelte.config.js (svelte)
[36m[35m<scri[36mpt lang="ts">
	import type { HTMLAttributes } from "svelte/elements";[39m

c:\Users\christopher.ziesch\repos\Troiber\Projecte\ampelv1\[32msrc\lib\components\ui\input-otp\input-otp-slot.svelte[39m:1:1
[31mError[39m: Error in svelte.config.js

Error [ERR_MODULE_NOT_FOUND]: Cannot find package '@sveltejs/adapter-auto' imported from c:\Users\christopher.ziesch\repos\Troiber\Projecte\ampelv1\svelte.config.js (svelte)
[36m[35m<scri[36mpt lang="ts">
	import { PinInput as InputOTPPrimitive } from "bits-ui";[39m

c:\Users\christopher.ziesch\repos\Troiber\Projecte\ampelv1\[32msrc\lib\components\ui\input-otp\input-otp-separator.svelte[39m:1:1
[31mError[39m: Error in svelte.config.js

Error [ERR_MODULE_NOT_FOUND]: Cannot find package '@sveltejs/adapter-auto' imported from c:\Users\christopher.ziesch\repos\Troiber\Projecte\ampelv1\svelte.config.js (svelte)
[36m[35m<scri[36mpt lang="ts">
	import type { HTMLAttributes } from "svelte/elements";[39m

c:\Users\christopher.ziesch\repos\Troiber\Projecte\ampelv1\[32msrc\lib\components\ui\item\item.svelte[39m:1:1
[31mError[39m: Error in svelte.config.js

Error [ERR_MODULE_NOT_FOUND]: Cannot find package '@sveltejs/adapter-auto' imported from c:\Users\christopher.ziesch\repos\Troiber\Projecte\ampelv1\svelte.config.js (svelte)
[36m[35m<scri[36mpt lang="ts" module>
	import { tv, type VariantProps } from "tailwind-variants";[39m

c:\Users\christopher.ziesch\repos\Troiber\Projecte\ampelv1\[32msrc\lib\components\ui\item\item-group.svelte[39m:1:1
[31mError[39m: Error in svelte.config.js

Error [ERR_MODULE_NOT_FOUND]: Cannot find package '@sveltejs/adapter-auto' imported from c:\Users\christopher.ziesch\repos\Troiber\Projecte\ampelv1\svelte.config.js (svelte)
[36m[35m<scri[36mpt lang="ts">
	import { cn, type WithElementRef } from "$lib/utils.js";[39m

c:\Users\christopher.ziesch\repos\Troiber\Projecte\ampelv1\[32msrc\lib\components\ui\item\item-separator.svelte[39m:1:1
[31mError[39m: Error in svelte.config.js

Error [ERR_MODULE_NOT_FOUND]: Cannot find package '@sveltejs/adapter-auto' imported from c:\Users\christopher.ziesch\repos\Troiber\Projecte\ampelv1\svelte.config.js (svelte)
[36m[35m<scri[36mpt lang="ts">
	import { Separator } from "$lib/components/ui/separator/index.js";[39m

c:\Users\christopher.ziesch\repos\Troiber\Projecte\ampelv1\[32msrc\lib\components\ui\item\item-header.svelte[39m:1:1
[31mError[39m: Error in svelte.config.js

Error [ERR_MODULE_NOT_FOUND]: Cannot find package '@sveltejs/adapter-auto' imported from c:\Users\christopher.ziesch\repos\Troiber\Projecte\ampelv1\svelte.config.js (svelte)
[36m[35m<scri[36mpt lang="ts">
	import { cn, type WithElementRef } from "$lib/utils.js";[39m

c:\Users\christopher.ziesch\repos\Troiber\Projecte\ampelv1\[32msrc\lib\components\ui\item\item-footer.svelte[39m:1:1
[31mError[39m: Error in svelte.config.js

Error [ERR_MODULE_NOT_FOUND]: Cannot find package '@sveltejs/adapter-auto' imported from c:\Users\christopher.ziesch\repos\Troiber\Projecte\ampelv1\svelte.config.js (svelte)
[36m[35m<scri[36mpt lang="ts">
	import { cn, type WithElementRef } from "$lib/utils.js";[39m

c:\Users\christopher.ziesch\repos\Troiber\Projecte\ampelv1\[32msrc\lib\components\ui\item\item-content.svelte[39m:1:1
[31mError[39m: Error in svelte.config.js

Error [ERR_MODULE_NOT_FOUND]: Cannot find package '@sveltejs/adapter-auto' imported from c:\Users\christopher.ziesch\repos\Troiber\Projecte\ampelv1\svelte.config.js (svelte)
[36m[35m<scri[36mpt lang="ts">
	import { cn, type WithElementRef } from "$lib/utils.js";[39m

c:\Users\christopher.ziesch\repos\Troiber\Projecte\ampelv1\[32msrc\lib\components\ui\item\item-title.svelte[39m:1:1
[31mError[39m: Error in svelte.config.js

Error [ERR_MODULE_NOT_FOUND]: Cannot find package '@sveltejs/adapter-auto' imported from c:\Users\christopher.ziesch\repos\Troiber\Projecte\ampelv1\svelte.config.js (svelte)
[36m[35m<scri[36mpt lang="ts">
	import { cn, type WithElementRef } from "$lib/utils.js";[39m

c:\Users\christopher.ziesch\repos\Troiber\Projecte\ampelv1\[32msrc\lib\components\ui\item\item-description.svelte[39m:1:1
[31mError[39m: Error in svelte.config.js

Error [ERR_MODULE_NOT_FOUND]: Cannot find package '@sveltejs/adapter-auto' imported from c:\Users\christopher.ziesch\repos\Troiber\Projecte\ampelv1\svelte.config.js (svelte)
[36m[35m<scri[36mpt lang="ts">
	import { cn, type WithElementRef } from "$lib/utils.js";[39m

c:\Users\christopher.ziesch\repos\Troiber\Projecte\ampelv1\[32msrc\lib\components\ui\item\item-actions.svelte[39m:1:1
[31mError[39m: Error in svelte.config.js

Error [ERR_MODULE_NOT_FOUND]: Cannot find package '@sveltejs/adapter-auto' imported from c:\Users\christopher.ziesch\repos\Troiber\Projecte\ampelv1\svelte.config.js (svelte)
[36m[35m<scri[36mpt lang="ts">
	import { cn, type WithElementRef } from "$lib/utils.js";[39m

c:\Users\christopher.ziesch\repos\Troiber\Projecte\ampelv1\[32msrc\lib\components\ui\item\item-media.svelte[39m:1:1
[31mError[39m: Error in svelte.config.js

Error [ERR_MODULE_NOT_FOUND]: Cannot find package '@sveltejs/adapter-auto' imported from c:\Users\christopher.ziesch\repos\Troiber\Projecte\ampelv1\svelte.config.js (svelte)
[36m[35m<scri[36mpt lang="ts" module>
	import { tv, type VariantProps } from "tailwind-variants";[39m

c:\Users\christopher.ziesch\repos\Troiber\Projecte\ampelv1\[32msrc\lib\components\ui\kbd\kbd.svelte[39m:1:1
[31mError[39m: Error in svelte.config.js

Error [ERR_MODULE_NOT_FOUND]: Cannot find package '@sveltejs/adapter-auto' imported from c:\Users\christopher.ziesch\repos\Troiber\Projecte\ampelv1\svelte.config.js (svelte)
[36m[35m<scri[36mpt lang="ts">
	import { cn, type WithElementRef } from "$lib/utils.js";[39m

c:\Users\christopher.ziesch\repos\Troiber\Projecte\ampelv1\[32msrc\lib\components\ui\kbd\kbd-group.svelte[39m:1:1
[31mError[39m: Error in svelte.config.js

Error [ERR_MODULE_NOT_FOUND]: Cannot find package '@sveltejs/adapter-auto' imported from c:\Users\christopher.ziesch\repos\Troiber\Projecte\ampelv1\svelte.config.js (svelte)
[36m[35m<scri[36mpt lang="ts">
	import { cn, type WithElementRef } from "$lib/utils.js";[39m

c:\Users\christopher.ziesch\repos\Troiber\Projecte\ampelv1\[32msrc\lib\components\ui\menubar\menubar.svelte[39m:1:1
[31mError[39m: Error in svelte.config.js

Error [ERR_MODULE_NOT_FOUND]: Cannot find package '@sveltejs/adapter-auto' imported from c:\Users\christopher.ziesch\repos\Troiber\Projecte\ampelv1\svelte.config.js (svelte)
[36m[35m<scri[36mpt lang="ts">
	import { Menubar as MenubarPrimitive } from "bits-ui";[39m

c:\Users\christopher.ziesch\repos\Troiber\Projecte\ampelv1\[32msrc\lib\components\ui\menubar\menubar-menu.svelte[39m:1:1
[31mError[39m: Error in svelte.config.js

Error [ERR_MODULE_NOT_FOUND]: Cannot find package '@sveltejs/adapter-auto' imported from c:\Users\christopher.ziesch\repos\Troiber\Projecte\ampelv1\svelte.config.js (svelte)
[36m[35m<scri[36mpt lang="ts">
	import { Menubar as MenubarPrimitive } from "bits-ui";[39m

c:\Users\christopher.ziesch\repos\Troiber\Projecte\ampelv1\[32msrc\lib\components\ui\menubar\menubar-sub.svelte[39m:1:1
[31mError[39m: Error in svelte.config.js

Error [ERR_MODULE_NOT_FOUND]: Cannot find package '@sveltejs/adapter-auto' imported from c:\Users\christopher.ziesch\repos\Troiber\Projecte\ampelv1\svelte.config.js (svelte)
[36m[35m<scri[36mpt lang="ts">
	import { Menubar as MenubarPrimitive } from "bits-ui";[39m

c:\Users\christopher.ziesch\repos\Troiber\Projecte\ampelv1\[32msrc\lib\components\ui\menubar\menubar-radio-group.svelte[39m:1:1
[31mError[39m: Error in svelte.config.js

Error [ERR_MODULE_NOT_FOUND]: Cannot find package '@sveltejs/adapter-auto' imported from c:\Users\christopher.ziesch\repos\Troiber\Projecte\ampelv1\svelte.config.js (svelte)
[36m[35m<scri[36mpt lang="ts">
	import { Menubar as MenubarPrimitive } from "bits-ui";[39m

c:\Users\christopher.ziesch\repos\Troiber\Projecte\ampelv1\[32msrc\lib\components\ui\menubar\menubar-checkbox-item.svelte[39m:1:1
[31mError[39m: Error in svelte.config.js

Error [ERR_MODULE_NOT_FOUND]: Cannot find package '@sveltejs/adapter-auto' imported from c:\Users\christopher.ziesch\repos\Troiber\Projecte\ampelv1\svelte.config.js (svelte)
[36m[35m<scri[36mpt lang="ts">
	import { Menubar as MenubarPrimitive } from "bits-ui";[39m

c:\Users\christopher.ziesch\repos\Troiber\Projecte\ampelv1\[32msrc\lib\components\ui\menubar\menubar-portal.svelte[39m:1:1
[31mError[39m: Error in svelte.config.js

Error [ERR_MODULE_NOT_FOUND]: Cannot find package '@sveltejs/adapter-auto' imported from c:\Users\christopher.ziesch\repos\Troiber\Projecte\ampelv1\svelte.config.js (svelte)
[36m[35m<scri[36mpt lang="ts">
	import { Menubar as MenubarPrimitive } from "bits-ui";[39m

c:\Users\christopher.ziesch\repos\Troiber\Projecte\ampelv1\[32msrc\lib\components\ui\menubar\menubar-content.svelte[39m:1:1
[31mError[39m: Error in svelte.config.js

Error [ERR_MODULE_NOT_FOUND]: Cannot find package '@sveltejs/adapter-auto' imported from c:\Users\christopher.ziesch\repos\Troiber\Projecte\ampelv1\svelte.config.js (svelte)
[36m[35m<scri[36mpt lang="ts">
	import { Menubar as MenubarPrimitive } from "bits-ui";[39m

c:\Users\christopher.ziesch\repos\Troiber\Projecte\ampelv1\[32msrc\lib\components\ui\menubar\menubar-item.svelte[39m:1:1
[31mError[39m: Error in svelte.config.js

Error [ERR_MODULE_NOT_FOUND]: Cannot find package '@sveltejs/adapter-auto' imported from c:\Users\christopher.ziesch\repos\Troiber\Projecte\ampelv1\svelte.config.js (svelte)
[36m[35m<scri[36mpt lang="ts">
	import { Menubar as MenubarPrimitive } from "bits-ui";[39m

c:\Users\christopher.ziesch\repos\Troiber\Projecte\ampelv1\[32msrc\lib\components\ui\menubar\menubar-group.svelte[39m:1:1
[31mError[39m: Error in svelte.config.js

Error [ERR_MODULE_NOT_FOUND]: Cannot find package '@sveltejs/adapter-auto' imported from c:\Users\christopher.ziesch\repos\Troiber\Projecte\ampelv1\svelte.config.js (svelte)
[36m[35m<scri[36mpt lang="ts">
	import { Menubar as MenubarPrimitive } from "bits-ui";[39m

c:\Users\christopher.ziesch\repos\Troiber\Projecte\ampelv1\[32msrc\lib\components\ui\menubar\menubar-radio-item.svelte[39m:1:1
[31mError[39m: Error in svelte.config.js

Error [ERR_MODULE_NOT_FOUND]: Cannot find package '@sveltejs/adapter-auto' imported from c:\Users\christopher.ziesch\repos\Troiber\Projecte\ampelv1\svelte.config.js (svelte)
[36m[35m<scri[36mpt lang="ts">
	import { Menubar as MenubarPrimitive } from "bits-ui";[39m

c:\Users\christopher.ziesch\repos\Troiber\Projecte\ampelv1\[32msrc\lib\components\ui\menubar\menubar-separator.svelte[39m:1:1
[31mError[39m: Error in svelte.config.js

Error [ERR_MODULE_NOT_FOUND]: Cannot find package '@sveltejs/adapter-auto' imported from c:\Users\christopher.ziesch\repos\Troiber\Projecte\ampelv1\svelte.config.js (svelte)
[36m[35m<scri[36mpt lang="ts">
	import { Menubar as MenubarPrimitive } from "bits-ui";[39m

c:\Users\christopher.ziesch\repos\Troiber\Projecte\ampelv1\[32msrc\lib\components\ui\menubar\menubar-shortcut.svelte[39m:1:1
[31mError[39m: Error in svelte.config.js

Error [ERR_MODULE_NOT_FOUND]: Cannot find package '@sveltejs/adapter-auto' imported from c:\Users\christopher.ziesch\repos\Troiber\Projecte\ampelv1\svelte.config.js (svelte)
[36m[35m<scri[36mpt lang="ts">
	import type { HTMLAttributes } from "svelte/elements";[39m

c:\Users\christopher.ziesch\repos\Troiber\Projecte\ampelv1\[32msrc\lib\components\ui\menubar\menubar-sub-content.svelte[39m:1:1
[31mError[39m: Error in svelte.config.js

Error [ERR_MODULE_NOT_FOUND]: Cannot find package '@sveltejs/adapter-auto' imported from c:\Users\christopher.ziesch\repos\Troiber\Projecte\ampelv1\svelte.config.js (svelte)
[36m[35m<scri[36mpt lang="ts">
	import { Menubar as MenubarPrimitive } from "bits-ui";[39m

c:\Users\christopher.ziesch\repos\Troiber\Projecte\ampelv1\[32msrc\lib\components\ui\menubar\menubar-sub-trigger.svelte[39m:1:1
[31mError[39m: Error in svelte.config.js

Error [ERR_MODULE_NOT_FOUND]: Cannot find package '@sveltejs/adapter-auto' imported from c:\Users\christopher.ziesch\repos\Troiber\Projecte\ampelv1\svelte.config.js (svelte)
[36m[35m<scri[36mpt lang="ts">
	import { Menubar as MenubarPrimitive } from "bits-ui";[39m

c:\Users\christopher.ziesch\repos\Troiber\Projecte\ampelv1\[32msrc\lib\components\ui\menubar\menubar-trigger.svelte[39m:1:1
[31mError[39m: Error in svelte.config.js

Error [ERR_MODULE_NOT_FOUND]: Cannot find package '@sveltejs/adapter-auto' imported from c:\Users\christopher.ziesch\repos\Troiber\Projecte\ampelv1\svelte.config.js (svelte)
[36m[35m<scri[36mpt lang="ts">
	import { Menubar as MenubarPrimitive } from "bits-ui";[39m

c:\Users\christopher.ziesch\repos\Troiber\Projecte\ampelv1\[32msrc\lib\components\ui\menubar\menubar-label.svelte[39m:1:1
[31mError[39m: Error in svelte.config.js

Error [ERR_MODULE_NOT_FOUND]: Cannot find package '@sveltejs/adapter-auto' imported from c:\Users\christopher.ziesch\repos\Troiber\Projecte\ampelv1\svelte.config.js (svelte)
[36m[35m<scri[36mpt lang="ts">
	import { cn } from "$lib/utils.js";[39m

c:\Users\christopher.ziesch\repos\Troiber\Projecte\ampelv1\[32msrc\lib\components\ui\menubar\menubar-group-heading.svelte[39m:1:1
[31mError[39m: Error in svelte.config.js

Error [ERR_MODULE_NOT_FOUND]: Cannot find package '@sveltejs/adapter-auto' imported from c:\Users\christopher.ziesch\repos\Troiber\Projecte\ampelv1\svelte.config.js (svelte)
[36m[35m<scri[36mpt lang="ts">
	import { cn } from "$lib/utils.js";[39m

c:\Users\christopher.ziesch\repos\Troiber\Projecte\ampelv1\[32msrc\lib\components\ui\native-select\native-select.svelte[39m:1:1
[31mError[39m: Error in svelte.config.js

Error [ERR_MODULE_NOT_FOUND]: Cannot find package '@sveltejs/adapter-auto' imported from c:\Users\christopher.ziesch\repos\Troiber\Projecte\ampelv1\svelte.config.js (svelte)
[36m[35m<scri[36mpt lang="ts">
	import { cn, type WithElementRef } from "$lib/utils.js";[39m

c:\Users\christopher.ziesch\repos\Troiber\Projecte\ampelv1\[32msrc\lib\components\ui\native-select\native-select-option.svelte[39m:1:1
[31mError[39m: Error in svelte.config.js

Error [ERR_MODULE_NOT_FOUND]: Cannot find package '@sveltejs/adapter-auto' imported from c:\Users\christopher.ziesch\repos\Troiber\Projecte\ampelv1\svelte.config.js (svelte)
[36m[35m<scri[36mpt lang="ts">
	import type { HTMLOptionAttributes } from "svelte/elements";[39m

c:\Users\christopher.ziesch\repos\Troiber\Projecte\ampelv1\[32msrc\lib\components\ui\native-select\native-select-opt-group.svelte[39m:1:1
[31mError[39m: Error in svelte.config.js

Error [ERR_MODULE_NOT_FOUND]: Cannot find package '@sveltejs/adapter-auto' imported from c:\Users\christopher.ziesch\repos\Troiber\Projecte\ampelv1\svelte.config.js (svelte)
[36m[35m<scri[36mpt lang="ts">
	import type { HTMLOptgroupAttributes } from "svelte/elements";[39m

c:\Users\christopher.ziesch\repos\Troiber\Projecte\ampelv1\[32msrc\lib\components\ui\navigation-menu\navigation-menu-viewport.svelte[39m:1:1
[31mError[39m: Error in svelte.config.js

Error [ERR_MODULE_NOT_FOUND]: Cannot find package '@sveltejs/adapter-auto' imported from c:\Users\christopher.ziesch\repos\Troiber\Projecte\ampelv1\svelte.config.js (svelte)
[36m[35m<scri[36mpt lang="ts">
	import { NavigationMenu as NavigationMenuPrimitive } from "bits-ui";[39m

c:\Users\christopher.ziesch\repos\Troiber\Projecte\ampelv1\[32msrc\lib\components\ui\navigation-menu\navigation-menu.svelte[39m:1:1
[31mError[39m: Error in svelte.config.js

Error [ERR_MODULE_NOT_FOUND]: Cannot find package '@sveltejs/adapter-auto' imported from c:\Users\christopher.ziesch\repos\Troiber\Projecte\ampelv1\svelte.config.js (svelte)
[36m[35m<scri[36mpt lang="ts">
	import { NavigationMenu as NavigationMenuPrimitive } from "bits-ui";[39m

c:\Users\christopher.ziesch\repos\Troiber\Projecte\ampelv1\[32msrc\lib\components\ui\navigation-menu\navigation-menu-content.svelte[39m:1:1
[31mError[39m: Error in svelte.config.js

Error [ERR_MODULE_NOT_FOUND]: Cannot find package '@sveltejs/adapter-auto' imported from c:\Users\christopher.ziesch\repos\Troiber\Projecte\ampelv1\svelte.config.js (svelte)
[36m[35m<scri[36mpt lang="ts">
	import { NavigationMenu as NavigationMenuPrimitive } from "bits-ui";[39m

c:\Users\christopher.ziesch\repos\Troiber\Projecte\ampelv1\[32msrc\lib\components\ui\navigation-menu\navigation-menu-indicator.svelte[39m:1:1
[31mError[39m: Error in svelte.config.js

Error [ERR_MODULE_NOT_FOUND]: Cannot find package '@sveltejs/adapter-auto' imported from c:\Users\christopher.ziesch\repos\Troiber\Projecte\ampelv1\svelte.config.js (svelte)
[36m[35m<scri[36mpt lang="ts">
	import { NavigationMenu as NavigationMenuPrimitive } from "bits-ui";[39m

c:\Users\christopher.ziesch\repos\Troiber\Projecte\ampelv1\[32msrc\lib\components\ui\navigation-menu\navigation-menu-item.svelte[39m:1:1
[31mError[39m: Error in svelte.config.js

Error [ERR_MODULE_NOT_FOUND]: Cannot find package '@sveltejs/adapter-auto' imported from c:\Users\christopher.ziesch\repos\Troiber\Projecte\ampelv1\svelte.config.js (svelte)
[36m[35m<scri[36mpt lang="ts">
	import { NavigationMenu as NavigationMenuPrimitive } from "bits-ui";[39m

c:\Users\christopher.ziesch\repos\Troiber\Projecte\ampelv1\[32msrc\lib\components\ui\navigation-menu\navigation-menu-link.svelte[39m:1:1
[31mError[39m: Error in svelte.config.js

Error [ERR_MODULE_NOT_FOUND]: Cannot find package '@sveltejs/adapter-auto' imported from c:\Users\christopher.ziesch\repos\Troiber\Projecte\ampelv1\svelte.config.js (svelte)
[36m[35m<scri[36mpt lang="ts">
	import { NavigationMenu as NavigationMenuPrimitive } from "bits-ui";[39m

c:\Users\christopher.ziesch\repos\Troiber\Projecte\ampelv1\[32msrc\lib\components\ui\navigation-menu\navigation-menu-list.svelte[39m:1:1
[31mError[39m: Error in svelte.config.js

Error [ERR_MODULE_NOT_FOUND]: Cannot find package '@sveltejs/adapter-auto' imported from c:\Users\christopher.ziesch\repos\Troiber\Projecte\ampelv1\svelte.config.js (svelte)
[36m[35m<scri[36mpt lang="ts">
	import { NavigationMenu as NavigationMenuPrimitive } from "bits-ui";[39m

c:\Users\christopher.ziesch\repos\Troiber\Projecte\ampelv1\[32msrc\lib\components\ui\navigation-menu\navigation-menu-trigger.svelte[39m:1:1
[31mError[39m: Error in svelte.config.js

Error [ERR_MODULE_NOT_FOUND]: Cannot find package '@sveltejs/adapter-auto' imported from c:\Users\christopher.ziesch\repos\Troiber\Projecte\ampelv1\svelte.config.js (svelte)
[36m[35m<scri[36mpt lang="ts" module>
	import { cn } from "$lib/utils.js";[39m

c:\Users\christopher.ziesch\repos\Troiber\Projecte\ampelv1\[32msrc\lib\components\ui\pagination\pagination.svelte[39m:1:1
[31mError[39m: Error in svelte.config.js

Error [ERR_MODULE_NOT_FOUND]: Cannot find package '@sveltejs/adapter-auto' imported from c:\Users\christopher.ziesch\repos\Troiber\Projecte\ampelv1\svelte.config.js (svelte)
[36m[35m<scri[36mpt lang="ts">
	import { Pagination as PaginationPrimitive } from "bits-ui";[39m

c:\Users\christopher.ziesch\repos\Troiber\Projecte\ampelv1\[32msrc\lib\components\ui\pagination\pagination-content.svelte[39m:1:1
[31mError[39m: Error in svelte.config.js

Error [ERR_MODULE_NOT_FOUND]: Cannot find package '@sveltejs/adapter-auto' imported from c:\Users\christopher.ziesch\repos\Troiber\Projecte\ampelv1\svelte.config.js (svelte)
[36m[35m<scri[36mpt lang="ts">
	import type { HTMLAttributes } from "svelte/elements";[39m

c:\Users\christopher.ziesch\repos\Troiber\Projecte\ampelv1\[32msrc\lib\components\ui\pagination\pagination-item.svelte[39m:1:1
[31mError[39m: Error in svelte.config.js

Error [ERR_MODULE_NOT_FOUND]: Cannot find package '@sveltejs/adapter-auto' imported from c:\Users\christopher.ziesch\repos\Troiber\Projecte\ampelv1\svelte.config.js (svelte)
[36m[35m<scri[36mpt lang="ts">
	import type { HTMLLiAttributes } from "svelte/elements";[39m

c:\Users\christopher.ziesch\repos\Troiber\Projecte\ampelv1\[32msrc\lib\components\ui\pagination\pagination-link.svelte[39m:1:1
[31mError[39m: Error in svelte.config.js

Error [ERR_MODULE_NOT_FOUND]: Cannot find package '@sveltejs/adapter-auto' imported from c:\Users\christopher.ziesch\repos\Troiber\Projecte\ampelv1\svelte.config.js (svelte)
[36m[35m<scri[36mpt lang="ts">
	import { Pagination as PaginationPrimitive } from "bits-ui";[39m

c:\Users\christopher.ziesch\repos\Troiber\Projecte\ampelv1\[32msrc\lib\components\ui\pagination\pagination-prev-button.svelte[39m:1:1
[31mError[39m: Error in svelte.config.js

Error [ERR_MODULE_NOT_FOUND]: Cannot find package '@sveltejs/adapter-auto' imported from c:\Users\christopher.ziesch\repos\Troiber\Projecte\ampelv1\svelte.config.js (svelte)
[36m[35m<scri[36mpt lang="ts">
	import { Pagination as PaginationPrimitive } from "bits-ui";[39m

c:\Users\christopher.ziesch\repos\Troiber\Projecte\ampelv1\[32msrc\lib\components\ui\pagination\pagination-next-button.svelte[39m:1:1
[31mError[39m: Error in svelte.config.js

Error [ERR_MODULE_NOT_FOUND]: Cannot find package '@sveltejs/adapter-auto' imported from c:\Users\christopher.ziesch\repos\Troiber\Projecte\ampelv1\svelte.config.js (svelte)
[36m[35m<scri[36mpt lang="ts">
	import { Pagination as PaginationPrimitive } from "bits-ui";[39m

c:\Users\christopher.ziesch\repos\Troiber\Projecte\ampelv1\[32msrc\lib\components\ui\pagination\pagination-ellipsis.svelte[39m:1:1
[31mError[39m: Error in svelte.config.js

Error [ERR_MODULE_NOT_FOUND]: Cannot find package '@sveltejs/adapter-auto' imported from c:\Users\christopher.ziesch\repos\Troiber\Projecte\ampelv1\svelte.config.js (svelte)
[36m[35m<scri[36mpt lang="ts">
	import type { HTMLAttributes } from "svelte/elements";[39m

c:\Users\christopher.ziesch\repos\Troiber\Projecte\ampelv1\[32msrc\lib\components\ui\pagination\pagination-previous.svelte[39m:1:1
[31mError[39m: Error in svelte.config.js

Error [ERR_MODULE_NOT_FOUND]: Cannot find package '@sveltejs/adapter-auto' imported from c:\Users\christopher.ziesch\repos\Troiber\Projecte\ampelv1\svelte.config.js (svelte)
[36m[35m<scri[36mpt lang="ts">
	import type { ComponentProps } from "svelte";[39m

c:\Users\christopher.ziesch\repos\Troiber\Projecte\ampelv1\[32msrc\lib\components\ui\pagination\pagination-next.svelte[39m:1:1
[31mError[39m: Error in svelte.config.js

Error [ERR_MODULE_NOT_FOUND]: Cannot find package '@sveltejs/adapter-auto' imported from c:\Users\christopher.ziesch\repos\Troiber\Projecte\ampelv1\svelte.config.js (svelte)
[36m[35m<scri[36mpt lang="ts">
	import type { ComponentProps } from "svelte";[39m

c:\Users\christopher.ziesch\repos\Troiber\Projecte\ampelv1\[32msrc\lib\components\ui\popover\popover.svelte[39m:1:1
[31mError[39m: Error in svelte.config.js

Error [ERR_MODULE_NOT_FOUND]: Cannot find package '@sveltejs/adapter-auto' imported from c:\Users\christopher.ziesch\repos\Troiber\Projecte\ampelv1\svelte.config.js (svelte)
[36m[35m<scri[36mpt lang="ts">
	import { Popover as PopoverPrimitive } from "bits-ui";[39m

c:\Users\christopher.ziesch\repos\Troiber\Projecte\ampelv1\[32msrc\lib\components\ui\popover\popover-close.svelte[39m:1:1
[31mError[39m: Error in svelte.config.js

Error [ERR_MODULE_NOT_FOUND]: Cannot find package '@sveltejs/adapter-auto' imported from c:\Users\christopher.ziesch\repos\Troiber\Projecte\ampelv1\svelte.config.js (svelte)
[36m[35m<scri[36mpt lang="ts">
	import { Popover as PopoverPrimitive } from "bits-ui";[39m

c:\Users\christopher.ziesch\repos\Troiber\Projecte\ampelv1\[32msrc\lib\components\ui\popover\popover-portal.svelte[39m:1:1
[31mError[39m: Error in svelte.config.js

Error [ERR_MODULE_NOT_FOUND]: Cannot find package '@sveltejs/adapter-auto' imported from c:\Users\christopher.ziesch\repos\Troiber\Projecte\ampelv1\svelte.config.js (svelte)
[36m[35m<scri[36mpt lang="ts">
	import { Popover as PopoverPrimitive } from "bits-ui";[39m

c:\Users\christopher.ziesch\repos\Troiber\Projecte\ampelv1\[32msrc\lib\components\ui\popover\popover-content.svelte[39m:1:1
[31mError[39m: Error in svelte.config.js

Error [ERR_MODULE_NOT_FOUND]: Cannot find package '@sveltejs/adapter-auto' imported from c:\Users\christopher.ziesch\repos\Troiber\Projecte\ampelv1\svelte.config.js (svelte)
[36m[35m<scri[36mpt lang="ts">
	import { Popover as PopoverPrimitive } from "bits-ui";[39m

c:\Users\christopher.ziesch\repos\Troiber\Projecte\ampelv1\[32msrc\lib\components\ui\popover\popover-description.svelte[39m:1:1
[31mError[39m: Error in svelte.config.js

Error [ERR_MODULE_NOT_FOUND]: Cannot find package '@sveltejs/adapter-auto' imported from c:\Users\christopher.ziesch\repos\Troiber\Projecte\ampelv1\svelte.config.js (svelte)
[36m[35m<scri[36mpt lang="ts">
	import type { HTMLAttributes } from "svelte/elements";[39m

c:\Users\christopher.ziesch\repos\Troiber\Projecte\ampelv1\[32msrc\lib\components\ui\popover\popover-header.svelte[39m:1:1
[31mError[39m: Error in svelte.config.js

Error [ERR_MODULE_NOT_FOUND]: Cannot find package '@sveltejs/adapter-auto' imported from c:\Users\christopher.ziesch\repos\Troiber\Projecte\ampelv1\svelte.config.js (svelte)
[36m[35m<scri[36mpt lang="ts">
	import type { HTMLAttributes } from "svelte/elements";[39m

c:\Users\christopher.ziesch\repos\Troiber\Projecte\ampelv1\[32msrc\lib\components\ui\popover\popover-title.svelte[39m:1:1
[31mError[39m: Error in svelte.config.js

Error [ERR_MODULE_NOT_FOUND]: Cannot find package '@sveltejs/adapter-auto' imported from c:\Users\christopher.ziesch\repos\Troiber\Projecte\ampelv1\svelte.config.js (svelte)
[36m[35m<scri[36mpt lang="ts">
	import type { HTMLAttributes } from "svelte/elements";[39m

c:\Users\christopher.ziesch\repos\Troiber\Projecte\ampelv1\[32msrc\lib\components\ui\popover\popover-trigger.svelte[39m:1:1
[31mError[39m: Error in svelte.config.js

Error [ERR_MODULE_NOT_FOUND]: Cannot find package '@sveltejs/adapter-auto' imported from c:\Users\christopher.ziesch\repos\Troiber\Projecte\ampelv1\svelte.config.js (svelte)
[36m[35m<scri[36mpt lang="ts">
	import { cn } from "$lib/utils.js";[39m

c:\Users\christopher.ziesch\repos\Troiber\Projecte\ampelv1\[32msrc\lib\components\ui\progress\progress.svelte[39m:1:1
[31mError[39m: Error in svelte.config.js

Error [ERR_MODULE_NOT_FOUND]: Cannot find package '@sveltejs/adapter-auto' imported from c:\Users\christopher.ziesch\repos\Troiber\Projecte\ampelv1\svelte.config.js (svelte)
[36m[35m<scri[36mpt lang="ts">
	import { Progress as ProgressPrimitive } from "bits-ui";[39m

c:\Users\christopher.ziesch\repos\Troiber\Projecte\ampelv1\[32msrc\lib\components\ui\radio-group\radio-group.svelte[39m:1:1
[31mError[39m: Error in svelte.config.js

Error [ERR_MODULE_NOT_FOUND]: Cannot find package '@sveltejs/adapter-auto' imported from c:\Users\christopher.ziesch\repos\Troiber\Projecte\ampelv1\svelte.config.js (svelte)
[36m[35m<scri[36mpt lang="ts">
	import { RadioGroup as RadioGroupPrimitive } from "bits-ui";[39m

c:\Users\christopher.ziesch\repos\Troiber\Projecte\ampelv1\[32msrc\lib\components\ui\radio-group\radio-group-item.svelte[39m:1:1
[31mError[39m: Error in svelte.config.js

Error [ERR_MODULE_NOT_FOUND]: Cannot find package '@sveltejs/adapter-auto' imported from c:\Users\christopher.ziesch\repos\Troiber\Projecte\ampelv1\svelte.config.js (svelte)
[36m[35m<scri[36mpt lang="ts">
	import { RadioGroup as RadioGroupPrimitive } from "bits-ui";[39m

c:\Users\christopher.ziesch\repos\Troiber\Projecte\ampelv1\[32msrc\lib\components\ui\range-calendar\range-calendar.svelte[39m:1:1
[31mError[39m: Error in svelte.config.js

Error [ERR_MODULE_NOT_FOUND]: Cannot find package '@sveltejs/adapter-auto' imported from c:\Users\christopher.ziesch\repos\Troiber\Projecte\ampelv1\svelte.config.js (svelte)
[36m[35m<scri[36mpt lang="ts">
	import { RangeCalendar as RangeCalendarPrimitive } from "bits-ui";[39m

c:\Users\christopher.ziesch\repos\Troiber\Projecte\ampelv1\[32msrc\lib\components\ui\range-calendar\range-calendar-cell.svelte[39m:1:1
[31mError[39m: Error in svelte.config.js

Error [ERR_MODULE_NOT_FOUND]: Cannot find package '@sveltejs/adapter-auto' imported from c:\Users\christopher.ziesch\repos\Troiber\Projecte\ampelv1\svelte.config.js (svelte)
[36m[35m<scri[36mpt lang="ts">
	import { RangeCalendar as RangeCalendarPrimitive } from "bits-ui";[39m

c:\Users\christopher.ziesch\repos\Troiber\Projecte\ampelv1\[32msrc\lib\components\ui\range-calendar\range-calendar-day.svelte[39m:1:1
[31mError[39m: Error in svelte.config.js

Error [ERR_MODULE_NOT_FOUND]: Cannot find package '@sveltejs/adapter-auto' imported from c:\Users\christopher.ziesch\repos\Troiber\Projecte\ampelv1\svelte.config.js (svelte)
[36m[35m<scri[36mpt lang="ts">
	import { RangeCalendar as RangeCalendarPrimitive } from "bits-ui";[39m

c:\Users\christopher.ziesch\repos\Troiber\Projecte\ampelv1\[32msrc\lib\components\ui\range-calendar\range-calendar-grid.svelte[39m:1:1
[31mError[39m: Error in svelte.config.js

Error [ERR_MODULE_NOT_FOUND]: Cannot find package '@sveltejs/adapter-auto' imported from c:\Users\christopher.ziesch\repos\Troiber\Projecte\ampelv1\svelte.config.js (svelte)
[36m[35m<scri[36mpt lang="ts">
	import { RangeCalendar as RangeCalendarPrimitive } from "bits-ui";[39m

c:\Users\christopher.ziesch\repos\Troiber\Projecte\ampelv1\[32msrc\lib\components\ui\range-calendar\range-calendar-header.svelte[39m:1:1
[31mError[39m: Error in svelte.config.js

Error [ERR_MODULE_NOT_FOUND]: Cannot find package '@sveltejs/adapter-auto' imported from c:\Users\christopher.ziesch\repos\Troiber\Projecte\ampelv1\svelte.config.js (svelte)
[36m[35m<scri[36mpt lang="ts">
	import { RangeCalendar as RangeCalendarPrimitive } from "bits-ui";[39m

c:\Users\christopher.ziesch\repos\Troiber\Projecte\ampelv1\[32msrc\lib\components\ui\range-calendar\range-calendar-months.svelte[39m:1:1
[31mError[39m: Error in svelte.config.js

Error [ERR_MODULE_NOT_FOUND]: Cannot find package '@sveltejs/adapter-auto' imported from c:\Users\christopher.ziesch\repos\Troiber\Projecte\ampelv1\svelte.config.js (svelte)
[36m[35m<scri[36mpt lang="ts">
	import type { HTMLAttributes } from "svelte/elements";[39m

c:\Users\christopher.ziesch\repos\Troiber\Projecte\ampelv1\[32msrc\lib\components\ui\range-calendar\range-calendar-grid-row.svelte[39m:1:1
[31mError[39m: Error in svelte.config.js

Error [ERR_MODULE_NOT_FOUND]: Cannot find package '@sveltejs/adapter-auto' imported from c:\Users\christopher.ziesch\repos\Troiber\Projecte\ampelv1\svelte.config.js (svelte)
[36m[35m<scri[36mpt lang="ts">
	import { RangeCalendar as RangeCalendarPrimitive } from "bits-ui";[39m

c:\Users\christopher.ziesch\repos\Troiber\Projecte\ampelv1\[32msrc\lib\components\ui\range-calendar\range-calendar-heading.svelte[39m:1:1
[31mError[39m: Error in svelte.config.js

Error [ERR_MODULE_NOT_FOUND]: Cannot find package '@sveltejs/adapter-auto' imported from c:\Users\christopher.ziesch\repos\Troiber\Projecte\ampelv1\svelte.config.js (svelte)
[36m[35m<scri[36mpt lang="ts">
	import { RangeCalendar as RangeCalendarPrimitive } from "bits-ui";[39m

c:\Users\christopher.ziesch\repos\Troiber\Projecte\ampelv1\[32msrc\lib\components\ui\range-calendar\range-calendar-head-cell.svelte[39m:1:1
[31mError[39m: Error in svelte.config.js

Error [ERR_MODULE_NOT_FOUND]: Cannot find package '@sveltejs/adapter-auto' imported from c:\Users\christopher.ziesch\repos\Troiber\Projecte\ampelv1\svelte.config.js (svelte)
[36m[35m<scri[36mpt lang="ts">
	import { RangeCalendar as RangeCalendarPrimitive } from "bits-ui";[39m

c:\Users\christopher.ziesch\repos\Troiber\Projecte\ampelv1\[32msrc\lib\components\ui\range-calendar\range-calendar-next-button.svelte[39m:1:1
[31mError[39m: Error in svelte.config.js

Error [ERR_MODULE_NOT_FOUND]: Cannot find package '@sveltejs/adapter-auto' imported from c:\Users\christopher.ziesch\repos\Troiber\Projecte\ampelv1\svelte.config.js (svelte)
[36m[35m<scri[36mpt lang="ts">
	import { RangeCalendar as RangeCalendarPrimitive } from "bits-ui";[39m

c:\Users\christopher.ziesch\repos\Troiber\Projecte\ampelv1\[32msrc\lib\components\ui\range-calendar\range-calendar-prev-button.svelte[39m:1:1
[31mError[39m: Error in svelte.config.js

Error [ERR_MODULE_NOT_FOUND]: Cannot find package '@sveltejs/adapter-auto' imported from c:\Users\christopher.ziesch\repos\Troiber\Projecte\ampelv1\svelte.config.js (svelte)
[36m[35m<scri[36mpt lang="ts">
	import { RangeCalendar as RangeCalendarPrimitive } from "bits-ui";[39m

c:\Users\christopher.ziesch\repos\Troiber\Projecte\ampelv1\[32msrc\lib\components\ui\range-calendar\range-calendar-month-select.svelte[39m:1:1
[31mError[39m: Error in svelte.config.js

Error [ERR_MODULE_NOT_FOUND]: Cannot find package '@sveltejs/adapter-auto' imported from c:\Users\christopher.ziesch\repos\Troiber\Projecte\ampelv1\svelte.config.js (svelte)
[36m[35m<scri[36mpt lang="ts">
	import { RangeCalendar as RangeCalendarPrimitive } from "bits-ui";[39m

c:\Users\christopher.ziesch\repos\Troiber\Projecte\ampelv1\[32msrc\lib\components\ui\range-calendar\range-calendar-year-select.svelte[39m:1:1
[31mError[39m: Error in svelte.config.js

Error [ERR_MODULE_NOT_FOUND]: Cannot find package '@sveltejs/adapter-auto' imported from c:\Users\christopher.ziesch\repos\Troiber\Projecte\ampelv1\svelte.config.js (svelte)
[36m[35m<scri[36mpt lang="ts">
	import { RangeCalendar as RangeCalendarPrimitive } from "bits-ui";[39m

c:\Users\christopher.ziesch\repos\Troiber\Projecte\ampelv1\[32msrc\lib\components\ui\range-calendar\range-calendar-caption.svelte[39m:1:1
[31mError[39m: Error in svelte.config.js

Error [ERR_MODULE_NOT_FOUND]: Cannot find package '@sveltejs/adapter-auto' imported from c:\Users\christopher.ziesch\repos\Troiber\Projecte\ampelv1\svelte.config.js (svelte)
[36m[35m<scri[36mpt lang="ts">
	import type { ComponentProps } from "svelte";[39m

c:\Users\christopher.ziesch\repos\Troiber\Projecte\ampelv1\[32msrc\lib\components\ui\range-calendar\range-calendar-nav.svelte[39m:1:1
[31mError[39m: Error in svelte.config.js

Error [ERR_MODULE_NOT_FOUND]: Cannot find package '@sveltejs/adapter-auto' imported from c:\Users\christopher.ziesch\repos\Troiber\Projecte\ampelv1\svelte.config.js (svelte)
[36m[35m<scri[36mpt lang="ts">
	import { cn, type WithElementRef } from "$lib/utils.js";[39m

c:\Users\christopher.ziesch\repos\Troiber\Projecte\ampelv1\[32msrc\lib\components\ui\range-calendar\range-calendar-month.svelte[39m:1:1
[31mError[39m: Error in svelte.config.js

Error [ERR_MODULE_NOT_FOUND]: Cannot find package '@sveltejs/adapter-auto' imported from c:\Users\christopher.ziesch\repos\Troiber\Projecte\ampelv1\svelte.config.js (svelte)
[36m[35m<scri[36mpt lang="ts">
	import { type WithElementRef, cn } from "$lib/utils.js";[39m

c:\Users\christopher.ziesch\repos\Troiber\Projecte\ampelv1\[32msrc\lib\components\ui\range-calendar\range-calendar-grid-body.svelte[39m:1:1
[31mError[39m: Error in svelte.config.js

Error [ERR_MODULE_NOT_FOUND]: Cannot find package '@sveltejs/adapter-auto' imported from c:\Users\christopher.ziesch\repos\Troiber\Projecte\ampelv1\svelte.config.js (svelte)
[36m[35m<scri[36mpt lang="ts">
	import { RangeCalendar as RangeCalendarPrimitive } from "bits-ui";[39m

c:\Users\christopher.ziesch\repos\Troiber\Projecte\ampelv1\[32msrc\lib\components\ui\range-calendar\range-calendar-grid-head.svelte[39m:1:1
[31mError[39m: Error in svelte.config.js

Error [ERR_MODULE_NOT_FOUND]: Cannot find package '@sveltejs/adapter-auto' imported from c:\Users\christopher.ziesch\repos\Troiber\Projecte\ampelv1\svelte.config.js (svelte)
[36m[35m<scri[36mpt lang="ts">
	import { RangeCalendar as RangeCalendarPrimitive } from "bits-ui";[39m

c:\Users\christopher.ziesch\repos\Troiber\Projecte\ampelv1\[32msrc\lib\components\ui\resizable\resizable-handle.svelte[39m:1:1
[31mError[39m: Error in svelte.config.js

Error [ERR_MODULE_NOT_FOUND]: Cannot find package '@sveltejs/adapter-auto' imported from c:\Users\christopher.ziesch\repos\Troiber\Projecte\ampelv1\svelte.config.js (svelte)
[36m[35m<scri[36mpt lang="ts">
	import * as ResizablePrimitive from "paneforge";[39m

c:\Users\christopher.ziesch\repos\Troiber\Projecte\ampelv1\[32msrc\lib\components\ui\resizable\resizable-pane-group.svelte[39m:1:1
[31mError[39m: Error in svelte.config.js

Error [ERR_MODULE_NOT_FOUND]: Cannot find package '@sveltejs/adapter-auto' imported from c:\Users\christopher.ziesch\repos\Troiber\Projecte\ampelv1\svelte.config.js (svelte)
[36m[35m<scri[36mpt lang="ts">
	import * as ResizablePrimitive from "paneforge";[39m

c:\Users\christopher.ziesch\repos\Troiber\Projecte\ampelv1\[32msrc\lib\components\ui\scroll-area\scroll-area-scrollbar.svelte[39m:1:1
[31mError[39m: Error in svelte.config.js

Error [ERR_MODULE_NOT_FOUND]: Cannot find package '@sveltejs/adapter-auto' imported from c:\Users\christopher.ziesch\repos\Troiber\Projecte\ampelv1\svelte.config.js (svelte)
[36m[35m<scri[36mpt lang="ts">
	import { ScrollArea as ScrollAreaPrimitive } from "bits-ui";[39m

c:\Users\christopher.ziesch\repos\Troiber\Projecte\ampelv1\[32msrc\lib\components\ui\scroll-area\scroll-area.svelte[39m:1:1
[31mError[39m: Error in svelte.config.js

Error [ERR_MODULE_NOT_FOUND]: Cannot find package '@sveltejs/adapter-auto' imported from c:\Users\christopher.ziesch\repos\Troiber\Projecte\ampelv1\svelte.config.js (svelte)
[36m[35m<scri[36mpt lang="ts">
	import { ScrollArea as ScrollAreaPrimitive } from "bits-ui";[39m

c:\Users\christopher.ziesch\repos\Troiber\Projecte\ampelv1\[32msrc\lib\components\ui\select\select.svelte[39m:1:1
[31mError[39m: Error in svelte.config.js

Error [ERR_MODULE_NOT_FOUND]: Cannot find package '@sveltejs/adapter-auto' imported from c:\Users\christopher.ziesch\repos\Troiber\Projecte\ampelv1\svelte.config.js (svelte)
[36m[35m<scri[36mpt lang="ts">
	import { Select as SelectPrimitive } from "bits-ui";[39m

c:\Users\christopher.ziesch\repos\Troiber\Projecte\ampelv1\[32msrc\lib\components\ui\select\select-group.svelte[39m:1:1
[31mError[39m: Error in svelte.config.js

Error [ERR_MODULE_NOT_FOUND]: Cannot find package '@sveltejs/adapter-auto' imported from c:\Users\christopher.ziesch\repos\Troiber\Projecte\ampelv1\svelte.config.js (svelte)
[36m[35m<scri[36mpt lang="ts">
	import { Select as SelectPrimitive } from "bits-ui";[39m

c:\Users\christopher.ziesch\repos\Troiber\Projecte\ampelv1\[32msrc\lib\components\ui\select\select-label.svelte[39m:1:1
[31mError[39m: Error in svelte.config.js

Error [ERR_MODULE_NOT_FOUND]: Cannot find package '@sveltejs/adapter-auto' imported from c:\Users\christopher.ziesch\repos\Troiber\Projecte\ampelv1\svelte.config.js (svelte)
[36m[35m<scri[36mpt lang="ts">
	import { cn, type WithElementRef } from "$lib/utils.js";[39m

c:\Users\christopher.ziesch\repos\Troiber\Projecte\ampelv1\[32msrc\lib\components\ui\select\select-item.svelte[39m:1:1
[31mError[39m: Error in svelte.config.js

Error [ERR_MODULE_NOT_FOUND]: Cannot find package '@sveltejs/adapter-auto' imported from c:\Users\christopher.ziesch\repos\Troiber\Projecte\ampelv1\svelte.config.js (svelte)
[36m[35m<scri[36mpt lang="ts">
	import { Select as SelectPrimitive } from "bits-ui";[39m

c:\Users\christopher.ziesch\repos\Troiber\Projecte\ampelv1\[32msrc\lib\components\ui\select\select-portal.svelte[39m:1:1
[31mError[39m: Error in svelte.config.js

Error [ERR_MODULE_NOT_FOUND]: Cannot find package '@sveltejs/adapter-auto' imported from c:\Users\christopher.ziesch\repos\Troiber\Projecte\ampelv1\svelte.config.js (svelte)
[36m[35m<scri[36mpt lang="ts">
	import { Select as SelectPrimitive } from "bits-ui";[39m

c:\Users\christopher.ziesch\repos\Troiber\Projecte\ampelv1\[32msrc\lib\components\ui\select\select-scroll-up-button.svelte[39m:1:1
[31mError[39m: Error in svelte.config.js

Error [ERR_MODULE_NOT_FOUND]: Cannot find package '@sveltejs/adapter-auto' imported from c:\Users\christopher.ziesch\repos\Troiber\Projecte\ampelv1\svelte.config.js (svelte)
[36m[35m<scri[36mpt lang="ts">
	import { Select as SelectPrimitive } from "bits-ui";[39m

c:\Users\christopher.ziesch\repos\Troiber\Projecte\ampelv1\[32msrc\lib\components\ui\select\select-scroll-down-button.svelte[39m:1:1
[31mError[39m: Error in svelte.config.js

Error [ERR_MODULE_NOT_FOUND]: Cannot find package '@sveltejs/adapter-auto' imported from c:\Users\christopher.ziesch\repos\Troiber\Projecte\ampelv1\svelte.config.js (svelte)
[36m[35m<scri[36mpt lang="ts">
	import { Select as SelectPrimitive } from "bits-ui";[39m

c:\Users\christopher.ziesch\repos\Troiber\Projecte\ampelv1\[32msrc\lib\components\ui\select\select-content.svelte[39m:1:1
[31mError[39m: Error in svelte.config.js

Error [ERR_MODULE_NOT_FOUND]: Cannot find package '@sveltejs/adapter-auto' imported from c:\Users\christopher.ziesch\repos\Troiber\Projecte\ampelv1\svelte.config.js (svelte)
[36m[35m<scri[36mpt lang="ts">
	import { Select as SelectPrimitive } from "bits-ui";[39m

c:\Users\christopher.ziesch\repos\Troiber\Projecte\ampelv1\[32msrc\lib\components\ui\select\select-trigger.svelte[39m:1:1
[31mError[39m: Error in svelte.config.js

Error [ERR_MODULE_NOT_FOUND]: Cannot find package '@sveltejs/adapter-auto' imported from c:\Users\christopher.ziesch\repos\Troiber\Projecte\ampelv1\svelte.config.js (svelte)
[36m[35m<scri[36mpt lang="ts">
	import { Select as SelectPrimitive } from "bits-ui";[39m

c:\Users\christopher.ziesch\repos\Troiber\Projecte\ampelv1\[32msrc\lib\components\ui\select\select-separator.svelte[39m:1:1
[31mError[39m: Error in svelte.config.js

Error [ERR_MODULE_NOT_FOUND]: Cannot find package '@sveltejs/adapter-auto' imported from c:\Users\christopher.ziesch\repos\Troiber\Projecte\ampelv1\svelte.config.js (svelte)
[36m[35m<scri[36mpt lang="ts">
	import type { Separator as SeparatorPrimitive } from "bits-ui";[39m

c:\Users\christopher.ziesch\repos\Troiber\Projecte\ampelv1\[32msrc\lib\components\ui\select\select-group-heading.svelte[39m:1:1
[31mError[39m: Error in svelte.config.js

Error [ERR_MODULE_NOT_FOUND]: Cannot find package '@sveltejs/adapter-auto' imported from c:\Users\christopher.ziesch\repos\Troiber\Projecte\ampelv1\svelte.config.js (svelte)
[36m[35m<scri[36mpt lang="ts">
	import { Select as SelectPrimitive } from "bits-ui";[39m

c:\Users\christopher.ziesch\repos\Troiber\Projecte\ampelv1\[32msrc\lib\components\ui\sheet\sheet.svelte[39m:1:1
[31mError[39m: Error in svelte.config.js

Error [ERR_MODULE_NOT_FOUND]: Cannot find package '@sveltejs/adapter-auto' imported from c:\Users\christopher.ziesch\repos\Troiber\Projecte\ampelv1\svelte.config.js (svelte)
[36m[35m<scri[36mpt lang="ts">
	import { Dialog as SheetPrimitive } from "bits-ui";[39m

c:\Users\christopher.ziesch\repos\Troiber\Projecte\ampelv1\[32msrc\lib\components\ui\sheet\sheet-portal.svelte[39m:1:1
[31mError[39m: Error in svelte.config.js

Error [ERR_MODULE_NOT_FOUND]: Cannot find package '@sveltejs/adapter-auto' imported from c:\Users\christopher.ziesch\repos\Troiber\Projecte\ampelv1\svelte.config.js (svelte)
[36m[35m<scri[36mpt lang="ts">
	import { Dialog as SheetPrimitive } from "bits-ui";[39m

c:\Users\christopher.ziesch\repos\Troiber\Projecte\ampelv1\[32msrc\lib\components\ui\sheet\sheet-trigger.svelte[39m:1:1
[31mError[39m: Error in svelte.config.js

Error [ERR_MODULE_NOT_FOUND]: Cannot find package '@sveltejs/adapter-auto' imported from c:\Users\christopher.ziesch\repos\Troiber\Projecte\ampelv1\svelte.config.js (svelte)
[36m[35m<scri[36mpt lang="ts">
	import { Dialog as SheetPrimitive } from "bits-ui";[39m

c:\Users\christopher.ziesch\repos\Troiber\Projecte\ampelv1\[32msrc\lib\components\ui\sheet\sheet-close.svelte[39m:1:1
[31mError[39m: Error in svelte.config.js

Error [ERR_MODULE_NOT_FOUND]: Cannot find package '@sveltejs/adapter-auto' imported from c:\Users\christopher.ziesch\repos\Troiber\Projecte\ampelv1\svelte.config.js (svelte)
[36m[35m<scri[36mpt lang="ts">
	import { Dialog as SheetPrimitive } from "bits-ui";[39m

c:\Users\christopher.ziesch\repos\Troiber\Projecte\ampelv1\[32msrc\lib\components\ui\sheet\sheet-overlay.svelte[39m:1:1
[31mError[39m: Error in svelte.config.js

Error [ERR_MODULE_NOT_FOUND]: Cannot find package '@sveltejs/adapter-auto' imported from c:\Users\christopher.ziesch\repos\Troiber\Projecte\ampelv1\svelte.config.js (svelte)
[36m[35m<scri[36mpt lang="ts">
	import { Dialog as SheetPrimitive } from "bits-ui";[39m

c:\Users\christopher.ziesch\repos\Troiber\Projecte\ampelv1\[32msrc\lib\components\ui\sheet\sheet-content.svelte[39m:1:1
[31mError[39m: Error in svelte.config.js

Error [ERR_MODULE_NOT_FOUND]: Cannot find package '@sveltejs/adapter-auto' imported from c:\Users\christopher.ziesch\repos\Troiber\Projecte\ampelv1\svelte.config.js (svelte)
[36m[35m<scri[36mpt lang="ts" module>
	export type Side = "top" | "right" | "bottom" | "left";[39m

c:\Users\christopher.ziesch\repos\Troiber\Projecte\ampelv1\[32msrc\lib\components\ui\sheet\sheet-header.svelte[39m:1:1
[31mError[39m: Error in svelte.config.js

Error [ERR_MODULE_NOT_FOUND]: Cannot find package '@sveltejs/adapter-auto' imported from c:\Users\christopher.ziesch\repos\Troiber\Projecte\ampelv1\svelte.config.js (svelte)
[36m[35m<scri[36mpt lang="ts">
	import type { HTMLAttributes } from "svelte/elements";[39m

c:\Users\christopher.ziesch\repos\Troiber\Projecte\ampelv1\[32msrc\lib\components\ui\sheet\sheet-footer.svelte[39m:1:1
[31mError[39m: Error in svelte.config.js

Error [ERR_MODULE_NOT_FOUND]: Cannot find package '@sveltejs/adapter-auto' imported from c:\Users\christopher.ziesch\repos\Troiber\Projecte\ampelv1\svelte.config.js (svelte)
[36m[35m<scri[36mpt lang="ts">
	import { cn, type WithElementRef } from "$lib/utils.js";[39m

c:\Users\christopher.ziesch\repos\Troiber\Projecte\ampelv1\[32msrc\lib\components\ui\sheet\sheet-title.svelte[39m:1:1
[31mError[39m: Error in svelte.config.js

Error [ERR_MODULE_NOT_FOUND]: Cannot find package '@sveltejs/adapter-auto' imported from c:\Users\christopher.ziesch\repos\Troiber\Projecte\ampelv1\svelte.config.js (svelte)
[36m[35m<scri[36mpt lang="ts">
	import { Dialog as SheetPrimitive } from "bits-ui";[39m

c:\Users\christopher.ziesch\repos\Troiber\Projecte\ampelv1\[32msrc\lib\components\ui\sheet\sheet-description.svelte[39m:1:1
[31mError[39m: Error in svelte.config.js

Error [ERR_MODULE_NOT_FOUND]: Cannot find package '@sveltejs/adapter-auto' imported from c:\Users\christopher.ziesch\repos\Troiber\Projecte\ampelv1\svelte.config.js (svelte)
[36m[35m<scri[36mpt lang="ts">
	import { Dialog as SheetPrimitive } from "bits-ui";[39m

c:\Users\christopher.ziesch\repos\Troiber\Projecte\ampelv1\[32msrc\lib\components\ui\sidebar\sidebar-content.svelte[39m:1:1
[31mError[39m: Error in svelte.config.js

Error [ERR_MODULE_NOT_FOUND]: Cannot find package '@sveltejs/adapter-auto' imported from c:\Users\christopher.ziesch\repos\Troiber\Projecte\ampelv1\svelte.config.js (svelte)
[36m[35m<scri[36mpt lang="ts">
	import type { HTMLAttributes } from "svelte/elements";[39m

c:\Users\christopher.ziesch\repos\Troiber\Projecte\ampelv1\[32msrc\lib\components\ui\sidebar\sidebar-footer.svelte[39m:1:1
[31mError[39m: Error in svelte.config.js

Error [ERR_MODULE_NOT_FOUND]: Cannot find package '@sveltejs/adapter-auto' imported from c:\Users\christopher.ziesch\repos\Troiber\Projecte\ampelv1\svelte.config.js (svelte)
[36m[35m<scri[36mpt lang="ts">
	import type { HTMLAttributes } from "svelte/elements";[39m

c:\Users\christopher.ziesch\repos\Troiber\Projecte\ampelv1\[32msrc\lib\components\ui\sidebar\sidebar-group-action.svelte[39m:1:1
[31mError[39m: Error in svelte.config.js

Error [ERR_MODULE_NOT_FOUND]: Cannot find package '@sveltejs/adapter-auto' imported from c:\Users\christopher.ziesch\repos\Troiber\Projecte\ampelv1\svelte.config.js (svelte)
[36m[35m<scri[36mpt lang="ts">
	import { cn, type WithElementRef } from "$lib/utils.js";[39m

c:\Users\christopher.ziesch\repos\Troiber\Projecte\ampelv1\[32msrc\lib\components\ui\sidebar\sidebar-group-content.svelte[39m:1:1
[31mError[39m: Error in svelte.config.js

Error [ERR_MODULE_NOT_FOUND]: Cannot find package '@sveltejs/adapter-auto' imported from c:\Users\christopher.ziesch\repos\Troiber\Projecte\ampelv1\svelte.config.js (svelte)
[36m[35m<scri[36mpt lang="ts">
	import { cn, type WithElementRef } from "$lib/utils.js";[39m

c:\Users\christopher.ziesch\repos\Troiber\Projecte\ampelv1\[32msrc\lib\components\ui\sidebar\sidebar-group-label.svelte[39m:1:1
[31mError[39m: Error in svelte.config.js

Error [ERR_MODULE_NOT_FOUND]: Cannot find package '@sveltejs/adapter-auto' imported from c:\Users\christopher.ziesch\repos\Troiber\Projecte\ampelv1\svelte.config.js (svelte)
[36m[35m<scri[36mpt lang="ts">
	import { cn, type WithElementRef } from "$lib/utils.js";[39m

c:\Users\christopher.ziesch\repos\Troiber\Projecte\ampelv1\[32msrc\lib\components\ui\sidebar\sidebar-group.svelte[39m:1:1
[31mError[39m: Error in svelte.config.js

Error [ERR_MODULE_NOT_FOUND]: Cannot find package '@sveltejs/adapter-auto' imported from c:\Users\christopher.ziesch\repos\Troiber\Projecte\ampelv1\svelte.config.js (svelte)
[36m[35m<scri[36mpt lang="ts">
	import type { HTMLAttributes } from "svelte/elements";[39m

c:\Users\christopher.ziesch\repos\Troiber\Projecte\ampelv1\[32msrc\lib\components\ui\sidebar\sidebar-header.svelte[39m:1:1
[31mError[39m: Error in svelte.config.js

Error [ERR_MODULE_NOT_FOUND]: Cannot find package '@sveltejs/adapter-auto' imported from c:\Users\christopher.ziesch\repos\Troiber\Projecte\ampelv1\svelte.config.js (svelte)
[36m[35m<scri[36mpt lang="ts">
	import type { HTMLAttributes } from "svelte/elements";[39m

c:\Users\christopher.ziesch\repos\Troiber\Projecte\ampelv1\[32msrc\lib\components\ui\sidebar\sidebar-input.svelte[39m:1:1
[31mError[39m: Error in svelte.config.js

Error [ERR_MODULE_NOT_FOUND]: Cannot find package '@sveltejs/adapter-auto' imported from c:\Users\christopher.ziesch\repos\Troiber\Projecte\ampelv1\svelte.config.js (svelte)
[36m[35m<scri[36mpt lang="ts">
	import type { ComponentProps } from "svelte";[39m

c:\Users\christopher.ziesch\repos\Troiber\Projecte\ampelv1\[32msrc\lib\components\ui\sidebar\sidebar-inset.svelte[39m:1:1
[31mError[39m: Error in svelte.config.js

Error [ERR_MODULE_NOT_FOUND]: Cannot find package '@sveltejs/adapter-auto' imported from c:\Users\christopher.ziesch\repos\Troiber\Projecte\ampelv1\svelte.config.js (svelte)
[36m[35m<scri[36mpt lang="ts">
	import { cn, type WithElementRef } from "$lib/utils.js";[39m

c:\Users\christopher.ziesch\repos\Troiber\Projecte\ampelv1\[32msrc\lib\components\ui\sidebar\sidebar-menu-action.svelte[39m:1:1
[31mError[39m: Error in svelte.config.js

Error [ERR_MODULE_NOT_FOUND]: Cannot find package '@sveltejs/adapter-auto' imported from c:\Users\christopher.ziesch\repos\Troiber\Projecte\ampelv1\svelte.config.js (svelte)
[36m[35m<scri[36mpt lang="ts">
	import { cn, type WithElementRef } from "$lib/utils.js";[39m

c:\Users\christopher.ziesch\repos\Troiber\Projecte\ampelv1\[32msrc\lib\components\ui\sidebar\sidebar-menu-badge.svelte[39m:1:1
[31mError[39m: Error in svelte.config.js

Error [ERR_MODULE_NOT_FOUND]: Cannot find package '@sveltejs/adapter-auto' imported from c:\Users\christopher.ziesch\repos\Troiber\Projecte\ampelv1\svelte.config.js (svelte)
[36m[35m<scri[36mpt lang="ts">
	import { cn, type WithElementRef } from "$lib/utils.js";[39m

c:\Users\christopher.ziesch\repos\Troiber\Projecte\ampelv1\[32msrc\lib\components\ui\tooltip\tooltip-provider.svelte[39m:1:1
[31mError[39m: Error in svelte.config.js

Error [ERR_MODULE_NOT_FOUND]: Cannot find package '@sveltejs/adapter-auto' imported from c:\Users\christopher.ziesch\repos\Troiber\Projecte\ampelv1\svelte.config.js (svelte)
[36m[35m<scri[36mpt lang="ts">
	import { Tooltip as TooltipPrimitive } from "bits-ui";[39m

c:\Users\christopher.ziesch\repos\Troiber\Projecte\ampelv1\[32msrc\lib\components\ui\tooltip\tooltip.svelte[39m:1:1
[31mError[39m: Error in svelte.config.js

Error [ERR_MODULE_NOT_FOUND]: Cannot find package '@sveltejs/adapter-auto' imported from c:\Users\christopher.ziesch\repos\Troiber\Projecte\ampelv1\svelte.config.js (svelte)
[36m[35m<scri[36mpt lang="ts">
	import { Tooltip as TooltipPrimitive } from "bits-ui";[39m

c:\Users\christopher.ziesch\repos\Troiber\Projecte\ampelv1\[32msrc\lib\components\ui\tooltip\tooltip-trigger.svelte[39m:1:1
[31mError[39m: Error in svelte.config.js

Error [ERR_MODULE_NOT_FOUND]: Cannot find package '@sveltejs/adapter-auto' imported from c:\Users\christopher.ziesch\repos\Troiber\Projecte\ampelv1\svelte.config.js (svelte)
[36m[35m<scri[36mpt lang="ts">
	import { Tooltip as TooltipPrimitive } from "bits-ui";[39m

c:\Users\christopher.ziesch\repos\Troiber\Projecte\ampelv1\[32msrc\lib\components\ui\tooltip\tooltip-portal.svelte[39m:1:1
[31mError[39m: Error in svelte.config.js

Error [ERR_MODULE_NOT_FOUND]: Cannot find package '@sveltejs/adapter-auto' imported from c:\Users\christopher.ziesch\repos\Troiber\Projecte\ampelv1\svelte.config.js (svelte)
[36m[35m<scri[36mpt lang="ts">
	import { Tooltip as TooltipPrimitive } from "bits-ui";[39m

c:\Users\christopher.ziesch\repos\Troiber\Projecte\ampelv1\[32msrc\lib\components\ui\tooltip\tooltip-content.svelte[39m:1:1
[31mError[39m: Error in svelte.config.js

Error [ERR_MODULE_NOT_FOUND]: Cannot find package '@sveltejs/adapter-auto' imported from c:\Users\christopher.ziesch\repos\Troiber\Projecte\ampelv1\svelte.config.js (svelte)
[36m[35m<scri[36mpt lang="ts">
	import { Tooltip as TooltipPrimitive } from "bits-ui";[39m

c:\Users\christopher.ziesch\repos\Troiber\Projecte\ampelv1\[32msrc\lib\components\ui\sidebar\sidebar-menu-button.svelte[39m:1:1
[31mError[39m: Error in svelte.config.js

Error [ERR_MODULE_NOT_FOUND]: Cannot find package '@sveltejs/adapter-auto' imported from c:\Users\christopher.ziesch\repos\Troiber\Projecte\ampelv1\svelte.config.js (svelte)
[36m[35m<scri[36mpt lang="ts" module>
	import { tv, type VariantProps } from "tailwind-variants";[39m

c:\Users\christopher.ziesch\repos\Troiber\Projecte\ampelv1\[32msrc\lib\components\ui\sidebar\sidebar-menu-item.svelte[39m:1:1
[31mError[39m: Error in svelte.config.js

Error [ERR_MODULE_NOT_FOUND]: Cannot find package '@sveltejs/adapter-auto' imported from c:\Users\christopher.ziesch\repos\Troiber\Projecte\ampelv1\svelte.config.js (svelte)
[36m[35m<scri[36mpt lang="ts">
	import { cn, type WithElementRef } from "$lib/utils.js";[39m

c:\Users\christopher.ziesch\repos\Troiber\Projecte\ampelv1\[32msrc\lib\components\ui\skeleton\skeleton.svelte[39m:1:1
[31mError[39m: Error in svelte.config.js

Error [ERR_MODULE_NOT_FOUND]: Cannot find package '@sveltejs/adapter-auto' imported from c:\Users\christopher.ziesch\repos\Troiber\Projecte\ampelv1\svelte.config.js (svelte)
[36m[35m<scri[36mpt lang="ts">
	import { cn, type WithElementRef, type WithoutChildren } from "$lib/utils.js";[39m

c:\Users\christopher.ziesch\repos\Troiber\Projecte\ampelv1\[32msrc\lib\components\ui\sidebar\sidebar-menu-skeleton.svelte[39m:1:1
[31mError[39m: Error in svelte.config.js

Error [ERR_MODULE_NOT_FOUND]: Cannot find package '@sveltejs/adapter-auto' imported from c:\Users\christopher.ziesch\repos\Troiber\Projecte\ampelv1\svelte.config.js (svelte)
[36m[35m<scri[36mpt lang="ts">
	import { cn, type WithElementRef } from "$lib/utils.js";[39m

c:\Users\christopher.ziesch\repos\Troiber\Projecte\ampelv1\[32msrc\lib\components\ui\sidebar\sidebar-menu-sub-button.svelte[39m:1:1
[31mError[39m: Error in svelte.config.js

Error [ERR_MODULE_NOT_FOUND]: Cannot find package '@sveltejs/adapter-auto' imported from c:\Users\christopher.ziesch\repos\Troiber\Projecte\ampelv1\svelte.config.js (svelte)
[36m[35m<scri[36mpt lang="ts">
	import { cn, type WithElementRef } from "$lib/utils.js";[39m

c:\Users\christopher.ziesch\repos\Troiber\Projecte\ampelv1\[32msrc\lib\components\ui\sidebar\sidebar-menu-sub-item.svelte[39m:1:1
[31mError[39m: Error in svelte.config.js

Error [ERR_MODULE_NOT_FOUND]: Cannot find package '@sveltejs/adapter-auto' imported from c:\Users\christopher.ziesch\repos\Troiber\Projecte\ampelv1\svelte.config.js (svelte)
[36m[35m<scri[36mpt lang="ts">
	import { cn, type WithElementRef } from "$lib/utils.js";[39m

c:\Users\christopher.ziesch\repos\Troiber\Projecte\ampelv1\[32msrc\lib\components\ui\sidebar\sidebar-menu-sub.svelte[39m:1:1
[31mError[39m: Error in svelte.config.js

Error [ERR_MODULE_NOT_FOUND]: Cannot find package '@sveltejs/adapter-auto' imported from c:\Users\christopher.ziesch\repos\Troiber\Projecte\ampelv1\svelte.config.js (svelte)
[36m[35m<scri[36mpt lang="ts">
	import { cn, type WithElementRef } from "$lib/utils.js";[39m

c:\Users\christopher.ziesch\repos\Troiber\Projecte\ampelv1\[32msrc\lib\components\ui\sidebar\sidebar-menu.svelte[39m:1:1
[31mError[39m: Error in svelte.config.js

Error [ERR_MODULE_NOT_FOUND]: Cannot find package '@sveltejs/adapter-auto' imported from c:\Users\christopher.ziesch\repos\Troiber\Projecte\ampelv1\svelte.config.js (svelte)
[36m[35m<scri[36mpt lang="ts">
	import { cn, type WithElementRef } from "$lib/utils.js";[39m

c:\Users\christopher.ziesch\repos\Troiber\Projecte\ampelv1\[32msrc\lib\components\ui\sidebar\sidebar-provider.svelte[39m:1:1
[31mError[39m: Error in svelte.config.js

Error [ERR_MODULE_NOT_FOUND]: Cannot find package '@sveltejs/adapter-auto' imported from c:\Users\christopher.ziesch\repos\Troiber\Projecte\ampelv1\svelte.config.js (svelte)
[36m[35m<scri[36mpt lang="ts">
	import * as Tooltip from "$lib/components/ui/tooltip/index.js";[39m

c:\Users\christopher.ziesch\repos\Troiber\Projecte\ampelv1\[32msrc\lib\components\ui\sidebar\sidebar-rail.svelte[39m:1:1
[31mError[39m: Error in svelte.config.js

Error [ERR_MODULE_NOT_FOUND]: Cannot find package '@sveltejs/adapter-auto' imported from c:\Users\christopher.ziesch\repos\Troiber\Projecte\ampelv1\svelte.config.js (svelte)
[36m[35m<scri[36mpt lang="ts">
	import { cn, type WithElementRef } from "$lib/utils.js";[39m

c:\Users\christopher.ziesch\repos\Troiber\Projecte\ampelv1\[32msrc\lib\components\ui\sidebar\sidebar-separator.svelte[39m:1:1
[31mError[39m: Error in svelte.config.js

Error [ERR_MODULE_NOT_FOUND]: Cannot find package '@sveltejs/adapter-auto' imported from c:\Users\christopher.ziesch\repos\Troiber\Projecte\ampelv1\svelte.config.js (svelte)
[36m[35m<scri[36mpt lang="ts">
	import { Separator } from "$lib/components/ui/separator/index.js";[39m

c:\Users\christopher.ziesch\repos\Troiber\Projecte\ampelv1\[32msrc\lib\components\ui\sidebar\sidebar-trigger.svelte[39m:1:1
[31mError[39m: Error in svelte.config.js

Error [ERR_MODULE_NOT_FOUND]: Cannot find package '@sveltejs/adapter-auto' imported from c:\Users\christopher.ziesch\repos\Troiber\Projecte\ampelv1\svelte.config.js (svelte)
[36m[35m<scri[36mpt lang="ts">
	import { Button } from "$lib/components/ui/button/index.js";[39m

c:\Users\christopher.ziesch\repos\Troiber\Projecte\ampelv1\[32msrc\lib\components\ui\sidebar\sidebar.svelte[39m:1:1
[31mError[39m: Error in svelte.config.js

Error [ERR_MODULE_NOT_FOUND]: Cannot find package '@sveltejs/adapter-auto' imported from c:\Users\christopher.ziesch\repos\Troiber\Projecte\ampelv1\svelte.config.js (svelte)
[36m[35m<scri[36mpt lang="ts">
	import * as Sheet from "$lib/components/ui/sheet/index.js";[39m

c:\Users\christopher.ziesch\repos\Troiber\Projecte\ampelv1\[32msrc\lib\components\ui\slider\slider.svelte[39m:1:1
[31mError[39m: Error in svelte.config.js

Error [ERR_MODULE_NOT_FOUND]: Cannot find package '@sveltejs/adapter-auto' imported from c:\Users\christopher.ziesch\repos\Troiber\Projecte\ampelv1\svelte.config.js (svelte)
[36m[35m<scri[36mpt lang="ts">
	import { Slider as SliderPrimitive } from "bits-ui";[39m

c:\Users\christopher.ziesch\repos\Troiber\Projecte\ampelv1\[32msrc\lib\components\ui\sonner\sonner.svelte[39m:1:1
[31mError[39m: Error in svelte.config.js

Error [ERR_MODULE_NOT_FOUND]: Cannot find package '@sveltejs/adapter-auto' imported from c:\Users\christopher.ziesch\repos\Troiber\Projecte\ampelv1\svelte.config.js (svelte)
[36m[35m<scri[36mpt lang="ts">
	import { Toaster as Sonner, type ToasterProps as SonnerProps } from "svelte-sonner";[39m

c:\Users\christopher.ziesch\repos\Troiber\Projecte\ampelv1\[32msrc\lib\components\ui\spinner\spinner.svelte[39m:1:1
[31mError[39m: Error in svelte.config.js

Error [ERR_MODULE_NOT_FOUND]: Cannot find package '@sveltejs/adapter-auto' imported from c:\Users\christopher.ziesch\repos\Troiber\Projecte\ampelv1\svelte.config.js (svelte)
[36m[35m<scri[36mpt lang="ts">
	import { cn } from "$lib/utils.js";[39m

c:\Users\christopher.ziesch\repos\Troiber\Projecte\ampelv1\[32msrc\lib\components\ui\spinner\spinner.svelte[39m:17:12
[31mError[39m: Expression produces a union type that is too complex to represent. (ts)
[36m
<Loader2Ico[35mn {role} color={color === null ? undefined : color} stroke={stroke === null ? undefined : stroke} aria-label={ariaLabel} class={cn("size-4 animate-spin", className)} {...restProps[36m} />[39m

c:\Users\christopher.ziesch\repos\Troiber\Projecte\ampelv1\[32msrc\lib\components\ui\spinner\spinner.svelte[39m:17:12
[31mError[39m: Type '{ className?: string | undefined | null; height?: number | string | undefined | null; id?: string | undefined | null; lang?: string | undefined | null; part?: string | undefined | null; ... 634 more ...; class: string; }' is not assignable to type 'IconProps'.
  Types of property 'name' are incompatible.
    Type 'string | null | undefined' is not assignable to type 'string | undefined'.
      Type 'null' is not assignable to type 'string | undefined'. (ts)
[36m
<Loader2Ico[35m[36mn {role} color={color === null ? undefined : color} stroke={stroke === null ? undefined : stroke} aria-label={ariaLabel} class={cn("size-4 animate-spin", className)} {...restProps} />[39m

c:\Users\christopher.ziesch\repos\Troiber\Projecte\ampelv1\[32msrc\lib\components\ui\switch\switch.svelte[39m:1:1
[31mError[39m: Error in svelte.config.js

Error [ERR_MODULE_NOT_FOUND]: Cannot find package '@sveltejs/adapter-auto' imported from c:\Users\christopher.ziesch\repos\Troiber\Projecte\ampelv1\svelte.config.js (svelte)
[36m[35m<scri[36mpt lang="ts">
	import { Switch as SwitchPrimitive } from "bits-ui";[39m

c:\Users\christopher.ziesch\repos\Troiber\Projecte\ampelv1\[32msrc\lib\components\ui\table\table.svelte[39m:1:1
[31mError[39m: Error in svelte.config.js

Error [ERR_MODULE_NOT_FOUND]: Cannot find package '@sveltejs/adapter-auto' imported from c:\Users\christopher.ziesch\repos\Troiber\Projecte\ampelv1\svelte.config.js (svelte)
[36m[35m<scri[36mpt lang="ts">
	import type { HTMLTableAttributes } from "svelte/elements";[39m

c:\Users\christopher.ziesch\repos\Troiber\Projecte\ampelv1\[32msrc\lib\components\ui\table\table-body.svelte[39m:1:1
[31mError[39m: Error in svelte.config.js

Error [ERR_MODULE_NOT_FOUND]: Cannot find package '@sveltejs/adapter-auto' imported from c:\Users\christopher.ziesch\repos\Troiber\Projecte\ampelv1\svelte.config.js (svelte)
[36m[35m<scri[36mpt lang="ts">
	import { cn, type WithElementRef } from "$lib/utils.js";[39m

c:\Users\christopher.ziesch\repos\Troiber\Projecte\ampelv1\[32msrc\lib\components\ui\table\table-caption.svelte[39m:1:1
[31mError[39m: Error in svelte.config.js

Error [ERR_MODULE_NOT_FOUND]: Cannot find package '@sveltejs/adapter-auto' imported from c:\Users\christopher.ziesch\repos\Troiber\Projecte\ampelv1\svelte.config.js (svelte)
[36m[35m<scri[36mpt lang="ts">
	import { cn, type WithElementRef } from "$lib/utils.js";[39m

c:\Users\christopher.ziesch\repos\Troiber\Projecte\ampelv1\[32msrc\lib\components\ui\table\table-cell.svelte[39m:1:1
[31mError[39m: Error in svelte.config.js

Error [ERR_MODULE_NOT_FOUND]: Cannot find package '@sveltejs/adapter-auto' imported from c:\Users\christopher.ziesch\repos\Troiber\Projecte\ampelv1\svelte.config.js (svelte)
[36m[35m<scri[36mpt lang="ts">
	import { cn, type WithElementRef } from "$lib/utils.js";[39m

c:\Users\christopher.ziesch\repos\Troiber\Projecte\ampelv1\[32msrc\lib\components\ui\table\table-footer.svelte[39m:1:1
[31mError[39m: Error in svelte.config.js

Error [ERR_MODULE_NOT_FOUND]: Cannot find package '@sveltejs/adapter-auto' imported from c:\Users\christopher.ziesch\repos\Troiber\Projecte\ampelv1\svelte.config.js (svelte)
[36m[35m<scri[36mpt lang="ts">
	import { cn, type WithElementRef } from "$lib/utils.js";[39m

c:\Users\christopher.ziesch\repos\Troiber\Projecte\ampelv1\[32msrc\lib\components\ui\table\table-head.svelte[39m:1:1
[31mError[39m: Error in svelte.config.js

Error [ERR_MODULE_NOT_FOUND]: Cannot find package '@sveltejs/adapter-auto' imported from c:\Users\christopher.ziesch\repos\Troiber\Projecte\ampelv1\svelte.config.js (svelte)
[36m[35m<scri[36mpt lang="ts">
	import { cn, type WithElementRef } from "$lib/utils.js";[39m

c:\Users\christopher.ziesch\repos\Troiber\Projecte\ampelv1\[32msrc\lib\components\ui\table\table-header.svelte[39m:1:1
[31mError[39m: Error in svelte.config.js

Error [ERR_MODULE_NOT_FOUND]: Cannot find package '@sveltejs/adapter-auto' imported from c:\Users\christopher.ziesch\repos\Troiber\Projecte\ampelv1\svelte.config.js (svelte)
[36m[35m<scri[36mpt lang="ts">
	import { cn, type WithElementRef } from "$lib/utils.js";[39m

c:\Users\christopher.ziesch\repos\Troiber\Projecte\ampelv1\[32msrc\lib\components\ui\table\table-row.svelte[39m:1:1
[31mError[39m: Error in svelte.config.js

Error [ERR_MODULE_NOT_FOUND]: Cannot find package '@sveltejs/adapter-auto' imported from c:\Users\christopher.ziesch\repos\Troiber\Projecte\ampelv1\svelte.config.js (svelte)
[36m[35m<scri[36mpt lang="ts">
	import { cn, type WithElementRef } from "$lib/utils.js";[39m

c:\Users\christopher.ziesch\repos\Troiber\Projecte\ampelv1\[32msrc\lib\components\ui\tabs\tabs.svelte[39m:1:1
[31mError[39m: Error in svelte.config.js

Error [ERR_MODULE_NOT_FOUND]: Cannot find package '@sveltejs/adapter-auto' imported from c:\Users\christopher.ziesch\repos\Troiber\Projecte\ampelv1\svelte.config.js (svelte)
[36m[35m<scri[36mpt lang="ts">
	import { Tabs as TabsPrimitive } from "bits-ui";[39m

c:\Users\christopher.ziesch\repos\Troiber\Projecte\ampelv1\[32msrc\lib\components\ui\tabs\tabs-content.svelte[39m:1:1
[31mError[39m: Error in svelte.config.js

Error [ERR_MODULE_NOT_FOUND]: Cannot find package '@sveltejs/adapter-auto' imported from c:\Users\christopher.ziesch\repos\Troiber\Projecte\ampelv1\svelte.config.js (svelte)
[36m[35m<scri[36mpt lang="ts">
	import { Tabs as TabsPrimitive } from "bits-ui";[39m

c:\Users\christopher.ziesch\repos\Troiber\Projecte\ampelv1\[32msrc\lib\components\ui\tabs\tabs-list.svelte[39m:1:1
[31mError[39m: Error in svelte.config.js

Error [ERR_MODULE_NOT_FOUND]: Cannot find package '@sveltejs/adapter-auto' imported from c:\Users\christopher.ziesch\repos\Troiber\Projecte\ampelv1\svelte.config.js (svelte)
[36m[35m<scri[36mpt lang="ts" module>
	import { tv, type VariantProps } from "tailwind-variants";[39m

c:\Users\christopher.ziesch\repos\Troiber\Projecte\ampelv1\[32msrc\lib\components\ui\tabs\tabs-trigger.svelte[39m:1:1
[31mError[39m: Error in svelte.config.js

Error [ERR_MODULE_NOT_FOUND]: Cannot find package '@sveltejs/adapter-auto' imported from c:\Users\christopher.ziesch\repos\Troiber\Projecte\ampelv1\svelte.config.js (svelte)
[36m[35m<scri[36mpt lang="ts">
	import { Tabs as TabsPrimitive } from "bits-ui";[39m

c:\Users\christopher.ziesch\repos\Troiber\Projecte\ampelv1\[32msrc\lib\components\ui\toggle\toggle.svelte[39m:1:1
[31mError[39m: Error in svelte.config.js

Error [ERR_MODULE_NOT_FOUND]: Cannot find package '@sveltejs/adapter-auto' imported from c:\Users\christopher.ziesch\repos\Troiber\Projecte\ampelv1\svelte.config.js (svelte)
[36m[35m<scri[36mpt lang="ts" module>
	import { type VariantProps, tv } from "tailwind-variants";[39m

c:\Users\christopher.ziesch\repos\Troiber\Projecte\ampelv1\[32msrc\lib\components\ui\toggle-group\toggle-group.svelte[39m:1:1
[31mError[39m: Error in svelte.config.js

Error [ERR_MODULE_NOT_FOUND]: Cannot find package '@sveltejs/adapter-auto' imported from c:\Users\christopher.ziesch\repos\Troiber\Projecte\ampelv1\svelte.config.js (svelte)
[36m[35m<scri[36mpt lang="ts" module>
	import { getContext, setContext } from "svelte";[39m

c:\Users\christopher.ziesch\repos\Troiber\Projecte\ampelv1\[32msrc\lib\components\ui\toggle-group\toggle-group-item.svelte[39m:1:1
[31mError[39m: Error in svelte.config.js

Error [ERR_MODULE_NOT_FOUND]: Cannot find package '@sveltejs/adapter-auto' imported from c:\Users\christopher.ziesch\repos\Troiber\Projecte\ampelv1\svelte.config.js (svelte)
[36m[35m<scri[36mpt lang="ts">
	import { ToggleGroup as ToggleGroupPrimitive } from "bits-ui";[39m

c:\Users\christopher.ziesch\repos\Troiber\Projecte\ampelv1\[32msrc\routes\+layout.svelte[39m:1:1
[31mError[39m: Error in svelte.config.js

Error [ERR_MODULE_NOT_FOUND]: Cannot find package '@sveltejs/adapter-auto' imported from c:\Users\christopher.ziesch\repos\Troiber\Projecte\ampelv1\svelte.config.js (svelte)
[36m[35m<scri[36mpt lang="ts">
	import './layout.css';[39m

c:\Users\christopher.ziesch\repos\Troiber\Projecte\ampelv1\[32msrc\routes\+page.svelte[39m:1:1
[31mError[39m: Error in svelte.config.js

Error [ERR_MODULE_NOT_FOUND]: Cannot find package '@sveltejs/adapter-auto' imported from c:\Users\christopher.ziesch\repos\Troiber\Projecte\ampelv1\svelte.config.js (svelte)
[36m[35m<scri[36mpt lang="ts">
  import { onMount } from "svelte";[39m

====================================
[31msvelte-check found 339 errors and 0 warnings in 337 files
[39m
